FiscalYear,School Entity ID,SchoolName,subject_norm,Number Tested,Percent Passing
2022,4737,,ELA,*,11
2022,4737,,Math,*,10
2022,1001800,,ELA,*,9
2022,1001800,,Math,*,6
2022,4728,,ELA,*,11
2022,4728,,Math,*,6
2022,4741,,ELA,*,10
2022,4741,,Math,*,7
2022,4721,,ELA,*,43
2022,4721,,Math,*,29
2022,92686,,ELA,*,*
2022,92686,,Math,*,*
2022,4724,,ELA,*,3
2022,4724,,Math,*,7
2022,1001188,,ELA,*,50
2022,1001188,,Math,*,*
2022,4711,,ELA,*,48
2022,4711,,Math,*,40
2022,89607,,ELA,*,*
2022,89607,,Math,*,*
2022,4717,,ELA,*,16
2022,4717,,Math,*,5
2022,4799,,ELA,*,40
2022,4799,,Math,*,38
2022,85879,,ELA,*,15
2022,85879,,Math,*,*
2022,90775,,ELA,*,38
2022,90775,,Math,*,13
2022,4754,,ELA,*,25
2022,4754,,Math,*,15
2022,4759,,ELA,*,*
2022,4759,,Math,*,*
2022,4801,,ELA,*,28
2022,4801,,Math,*,17
2022,4802,,ELA,*,6
2022,4802,,Math,*,20
2022,81028,,ELA,*,23
2022,81028,,Math,*,*
2022,1001688,,ELA,*,19
2022,1001688,,Math,*,9
2022,4773,,ELA,*,26
2022,4773,,Math,*,15
2022,79505,,ELA,*,22
2022,79505,,Math,*,10
2022,4760,,ELA,*,45
2022,4760,,Math,*,45
2022,4783,,ELA,391,55
2022,4783,,Math,397,34
2022,1001827,,ELA,*,42
2022,1001827,,Math,*,17
2022,4762,,ELA,*,63
2022,4762,,Math,*,66
2022,4751,,ELA,*,28
2022,4751,,Math,*,31
2022,4800,,ELA,*,12
2022,4800,,Math,*,12
2022,4757,,ELA,*,22
2022,4757,,Math,*,17
2022,90863,,ELA,*,94
2022,90863,,Math,*,91
2022,81127,,ELA,*,*
2022,81127,,Math,*,*
2022,85842,,ELA,*,*
2022,85842,,Math,*,*
2022,1001242,,ELA,*,*
2022,1001242,,Math,*,*
2022,4842,,ELA,*,58
2022,4842,,Math,*,31
2022,4803,,ELA,*,*
2022,4803,,Math,*,*
2022,4819,,ELA,*,50
2022,4819,,Math,*,33
2022,4820,,ELA,*,23
2022,4820,,Math,*,18
2022,230656,,ELA,*,56
2022,230656,,Math,*,45
2022,4828,,ELA,*,20
2022,4828,,Math,*,20
2022,4825,,ELA,*,29
2022,4825,,Math,*,24
2022,4845,,ELA,*,74
2022,4845,,Math,*,64
2022,4832,,ELA,*,14
2022,4832,,Math,*,15
2022,92913,,ELA,*,*
2022,92913,,Math,*,*
2022,1001183,,ELA,*,*
2022,1001183,,Math,*,*
2022,4838,,ELA,*,11
2022,4838,,Math,*,11
2022,78916,,ELA,*,*
2022,78916,,Math,*,*
2022,4823,,ELA,*,21
2022,4823,,Math,*,22
2022,90038,,Math,*,*
2022,4855,,ELA,*,25
2022,4855,,Math,*,14
2022,1001828,,ELA,*,50
2022,1001828,,Math,*,20
2022,4873,,ELA,*,24
2022,4873,,Math,*,12
2022,4878,,ELA,*,13
2022,4878,,Math,*,*
2022,4869,,ELA,*,12
2022,4869,,Math,*,6
2022,1001177,,ELA,*,25
2022,1001177,,Math,*,4
2022,4860,,ELA,*,32
2022,4860,,Math,*,24
2022,4863,,ELA,*,4
2022,4863,,Math,*,*
2022,89776,,ELA,*,*
2022,89776,,Math,*,*
2022,4875,,ELA,*,20
2022,4875,,Math,*,*
2022,4893,,ELA,*,16
2022,4893,,Math,*,13
2022,90064,,ELA,*,*
2022,90064,,Math,*,*
2022,4891,,ELA,*,33
2022,4891,,Math,*,20
2022,92296,,ELA,*,34
2022,92296,,Math,*,*
2022,4884,,ELA,*,32
2022,4884,,Math,*,29
2022,4885,,ELA,*,7
2022,4885,,Math,*,*
2022,216045,,ELA,*,*
2022,216045,,Math,*,*
2022,4889,,ELA,*,57
2022,4889,,Math,*,50
2022,1001768,,ELA,*,*
2022,1001768,,Math,*,25
2022,4908,,ELA,*,*
2022,4908,,Math,*,*
2022,4903,,ELA,*,30
2022,4903,,Math,*,25
2022,4906,,ELA,*,36
2022,4906,,Math,*,40
2022,6203,,ELA,*,4
2022,6203,,Math,*,*
2022,6197,,ELA,*,17
2022,6197,,Math,*,8
2022,80408,,ELA,*,*
2022,80408,,Math,*,*
2022,79123,,ELA,*,*
2022,79123,,Math,*,*
2022,742847,,ELA,*,*
2022,742847,,Math,*,*
2022,91304,,ELA,*,26
2022,91304,,Math,*,36
2022,91306,,ELA,*,75
2022,91306,,Math,*,64
2022,92248,,ELA,*,15
2022,92248,,Math,*,9
2022,860177,,ELA,271,77
2022,860177,,Math,273,50
2022,89870,,ELA,*,6
2022,89870,,Math,*,4
2022,10795,,ELA,*,21
2022,10795,,Math,*,*
2022,5462,,ELA,*,18
2022,5462,,Math,*,8
2022,5454,,ELA,*,31
2022,5454,,Math,*,25
2022,78926,,ELA,*,57
2022,78926,,Math,*,46
2022,79799,,ELA,*,33
2022,79799,,Math,*,32
2022,87903,,ELA,*,37
2022,87903,,Math,*,29
2022,932049,,ELA,*,46
2022,932049,,Math,*,31
2022,1001826,,ELA,*,27
2022,1001826,,Math,*,18
2022,78813,,ELA,*,11
2022,78813,,Math,*,5
2022,78901,,ELA,*,20
2022,78901,,Math,*,10
2022,78900,,ELA,*,4
2022,78900,,Math,*,*
2022,78817,,ELA,*,8
2022,78817,,Math,*,6
2022,80990,,ELA,*,8
2022,80990,,Math,*,7
2022,88335,,ELA,*,26
2022,88335,,Math,*,17
2022,6347,,ELA,*,8
2022,6347,,Math,*,7
2022,6348,,ELA,*,16
2022,6348,,Math,*,12
2022,1001427,,ELA,*,41
2022,1001427,,Math,*,24
2022,90769,,ELA,230,57
2022,90769,,Math,239,54
2022,92885,,ELA,203,49
2022,92885,,Math,206,37
2022,509281,,ELA,236,58
2022,509281,,Math,242,47
2022,1001506,,ELA,*,54
2022,1001506,,Math,*,39
2022,81178,,ELA,548,38
2022,81178,,Math,562,20
2022,90635,,ELA,*,66
2022,90635,,Math,*,80
2022,89487,,ELA,*,82
2022,89487,,Math,*,84
2022,156568,,ELA,*,48
2022,156568,,Math,*,37
2022,1001738,,ELA,*,50
2022,1001738,,Math,*,33
2022,6344,,ELA,*,69
2022,6344,,Math,*,61
2022,5503,,ELA,*,28
2022,5503,,Math,*,13
2022,90780,,ELA,*,61
2022,90780,,Math,*,42
2022,92984,,ELA,*,*
2022,92984,,Math,*,8
2022,1001693,,ELA,*,*
2022,1001693,,Math,*,*
2022,5520,,ELA,*,*
2022,5520,,Math,*,*
2022,81179,,ELA,178,43
2022,81179,,Math,179,29
2022,91246,,ELA,*,29
2022,91246,,Math,*,15
2022,5519,,ELA,*,84
2022,5519,,Math,74,55
2022,6395,,ELA,*,10
2022,6395,,Math,*,6
2022,80006,,ELA,*,11
2022,80006,,Math,*,5
2022,81079,,ELA,*,*
2022,81079,,Math,*,*
2022,90509,,ELA,*,*
2022,90509,,Math,*,98
2022,91055,,ELA,*,*
2022,91055,,Math,*,98
2022,91056,,ELA,*,98
2022,91056,,Math,*,*
2022,91343,,ELA,*,*
2022,91343,,Math,*,*
2022,92030,,ELA,*,*
2022,92030,,Math,*,*
2022,91997,,ELA,*,97
2022,91997,,Math,*,97
2022,92735,,ELA,*,95
2022,92735,,Math,*,77
2022,92270,,ELA,*,77
2022,92270,,Math,*,73
2022,81042,,ELA,*,8
2022,81042,,Math,*,*
2022,81182,,ELA,*,32
2022,81182,,Math,*,16
2022,5424,,ELA,*,12
2022,5424,,Math,*,14
2022,79376,,ELA,*,35
2022,79376,,Math,*,37
2022,89573,,ELA,*,23
2022,89573,,Math,*,24
2022,91826,,ELA,*,9
2022,91826,,Math,*,9
2022,88289,,ELA,*,27
2022,88289,,Math,*,14
2022,5466,,ELA,*,10
2022,5466,,Math,*,5
2022,79129,,ELA,*,*
2022,79129,,Math,*,*
2022,80025,,ELA,*,*
2022,80025,,Math,*,*
2022,80430,,Math,*,*
2022,85750,,ELA,*,40
2022,85750,,Math,*,20
2022,5137,,ELA,*,66
2022,5137,,Math,*,59
2022,1001171,,ELA,*,33
2022,1001171,,Math,*,22
2022,88300,,ELA,*,86
2022,88300,,Math,*,89
2022,5127,,ELA,*,30
2022,5127,,Math,*,28
2022,6015,,ELA,*,60
2022,6015,,Math,*,57
2022,79633,,ELA,553,61
2022,79633,,Math,555,60
2022,89591,,ELA,*,86
2022,89591,,Math,*,86
2022,89613,,ELA,*,65
2022,89613,,Math,*,61
2022,91282,,ELA,179,65
2022,91282,,Math,183,56
2022,92892,,ELA,498,57
2022,92892,,Math,509,54
2022,92636,,ELA,*,53
2022,92636,,Math,*,34
2022,10801,,ELA,*,14
2022,10801,,Math,*,21
2022,92637,,ELA,*,6
2022,92637,,Math,*,6
2022,92317,,ELA,*,79
2022,92317,,Math,*,59
2022,79099,,ELA,*,3
2022,79099,,Math,*,*
2022,79102,,ELA,*,53
2022,79102,,Math,*,27
2022,89918,,ELA,*,55
2022,89918,,Math,*,36
2022,79506,,ELA,*,20
2022,79506,,Math,*,20
2022,5161,,ELA,*,33
2022,5161,,Math,*,36
2022,5162,,ELA,*,36
2022,5162,,Math,*,23
2022,5163,,ELA,*,61
2022,5163,,Math,*,57
2022,79414,,ELA,*,46
2022,79414,,Math,*,22
2022,80317,,ELA,*,53
2022,80317,,Math,*,48
2022,85850,,ELA,*,55
2022,85850,,Math,*,46
2022,92525,,ELA,*,*
2022,92525,,Math,*,*
2022,78950,,ELA,*,43
2022,78950,,Math,*,12
2022,5133,,ELA,*,30
2022,5133,,Math,*,33
2022,81113,,ELA,413,52
2022,81113,,Math,422,45
2022,88417,,ELA,*,39
2022,88417,,Math,*,32
2022,90134,,ELA,*,44
2022,90134,,Math,*,39
2022,90875,,ELA,363,49
2022,90875,,Math,365,37
2022,79117,,ELA,*,13
2022,79117,,Math,*,6
2022,81143,,ELA,*,*
2022,81143,,Math,*,7
2022,90075,,ELA,*,*
2022,90075,,Math,*,*
2022,90389,,ELA,*,*
2022,90389,,Math,*,33
2022,90768,,ELA,*,10
2022,90768,,Math,*,*
2022,90815,,ELA,*,16
2022,90815,,Math,*,11
2022,91199,,ELA,*,*
2022,91199,,Math,*,*
2022,79982,,ELA,*,66
2022,79982,,Math,*,42
2022,10849,,ELA,*,10
2022,10849,,Math,*,4
2022,5500,,ELA,93,50
2022,5500,,Math,93,34
2022,90377,,ELA,*,11
2022,90377,,Math,*,14
2022,79219,,ELA,*,*
2022,79219,,Math,*,*
2022,920316,,ELA,*,*
2022,920316,,Math,*,*
2022,90324,,ELA,*,56
2022,90324,,Math,*,34
2022,90202,,ELA,*,*
2022,90202,,Math,*,*
2022,90844,,ELA,*,10
2022,90844,,Math,*,8
2022,92975,,ELA,*,26
2022,92975,,Math,*,25
2022,5507,,ELA,*,10
2022,5507,,Math,*,5
2022,181823,,ELA,*,38
2022,181823,,Math,*,41
2022,5167,,ELA,*,39
2022,5167,,Math,*,39
2022,90932,,ELA,*,22
2022,90932,,Math,*,*
2022,1000980,,ELA,*,20
2022,1000980,,Math,*,*
2022,79022,,ELA,*,6
2022,79022,,Math,*,4
2022,90737,,ELA,*,18
2022,90737,,Math,*,10
2022,5504,,ELA,*,*
2022,5504,,Math,*,*
2022,5019,,ELA,*,4
2022,5019,,Math,*,7
2022,5039,,ELA,514,53
2022,5039,,Math,522,45
2022,5040,,ELA,751,61
2022,5040,,Math,760,55
2022,6007,,ELA,325,37
2022,6007,,Math,333,28
2022,79823,,ELA,521,50
2022,79823,,Math,525,39
2022,89606,,ELA,*,96
2022,89606,,Math,*,93
2022,90124,,ELA,481,64
2022,90124,,Math,485,55
2022,91209,,ELA,*,44
2022,91209,,Math,143,33
2022,89830,,ELA,*,90
2022,89830,,Math,*,90
2022,5426,,ELA,*,28
2022,5426,,Math,*,21
2022,5427,,ELA,*,55
2022,5427,,Math,*,54
2022,5428,,ELA,*,29
2022,5428,,Math,*,32
2022,5429,,ELA,*,24
2022,5429,,Math,*,21
2022,5430,,ELA,*,40
2022,5430,,Math,*,38
2022,5431,,ELA,*,37
2022,5431,,Math,*,35
2022,5432,,ELA,*,47
2022,5432,,Math,*,47
2022,5433,,ELA,*,41
2022,5433,,Math,*,37
2022,5434,,ELA,*,35
2022,5434,,Math,*,28
2022,5435,,ELA,*,9
2022,5435,,Math,*,6
2022,794564,,ELA,*,20
2022,794564,,Math,*,16
2022,92522,,ELA,*,82
2022,92522,,Math,117,73
2022,92521,,ELA,*,34
2022,92521,,Math,*,25
2022,5509,,ELA,*,75
2022,5509,,Math,*,69
2022,1000169,,ELA,*,53
2022,1000169,,Math,*,49
2022,703390,,ELA,*,53
2022,703390,,Math,*,58
2022,79374,,ELA,*,60
2022,79374,,Math,*,60
2022,89581,,ELA,*,62
2022,89581,,Math,*,53
2022,1001176,,ELA,*,54
2022,1001176,,Math,*,43
2022,78809,,ELA,*,83
2022,78809,,Math,*,64
2022,79042,,ELA,*,7
2022,79042,,Math,*,11
2022,90035,,ELA,*,20
2022,90035,,Math,*,4
2022,89789,,ELA,*,23
2022,89789,,Math,*,21
2022,89791,,ELA,*,27
2022,89791,,Math,*,29
2022,10811,,ELA,*,*
2022,10811,,Math,*,*
2022,10746,,ELA,*,15
2022,10746,,Math,*,23
2022,88232,,ELA,*,12
2022,88232,,Math,*,2
2022,79113,,ELA,*,68
2022,79113,,Math,*,42
2022,79476,,ELA,*,*
2022,79476,,Math,*,*
2022,78899,,ELA,*,2
2022,78899,,Math,*,*
2022,92246,,ELA,*,47
2022,92246,,Math,*,43
2022,10748,,ELA,*,3
2022,10748,,Math,*,*
2022,91158,,ELA,*,54
2022,91158,,Math,*,48
2022,1001670,,ELA,*,9
2022,1001670,,Math,*,3
2022,10749,,ELA,*,5
2022,10749,,Math,*,2
2022,6349,,ELA,*,*
2022,6349,,Math,*,4
2022,79111,,ELA,*,*
2022,79111,,Math,*,*
2022,87416,,ELA,*,44
2022,87416,,Math,*,39
2022,91597,,ELA,*,33
2022,91597,,Math,*,18
2022,87350,,ELA,*,10
2022,87350,,Math,*,3
2022,92732,,ELA,*,76
2022,92732,,Math,*,61
2022,81175,,ELA,*,36
2022,81175,,Math,*,40
2022,92605,,ELA,*,54
2022,92605,,Math,*,60
2022,969999,,ELA,*,*
2022,969999,,Math,*,*
2022,91781,,ELA,*,47
2022,91781,,Math,*,50
2022,4980,,ELA,*,24
2022,4980,,Math,*,26
2022,4981,,ELA,*,28
2022,4981,,Math,*,24
2022,4982,,ELA,*,55
2022,4982,,Math,*,50
2022,4983,,ELA,*,31
2022,4983,,Math,*,21
2022,4984,,ELA,*,52
2022,4984,,Math,*,50
2022,78917,,ELA,*,33
2022,78917,,Math,*,27
2022,78930,,ELA,*,41
2022,78930,,Math,*,27
2022,78932,,ELA,*,*
2022,78932,,Math,*,*
2022,10847,,ELA,*,49
2022,10847,,Math,*,19
2022,1000059,,ELA,*,34
2022,1000059,,Math,*,*
2022,1000282,,ELA,*,9
2022,1000282,,Math,*,*
2022,5482,,ELA,*,55
2022,5482,,Math,*,40
2022,91422,,ELA,*,83
2022,91422,,Math,*,75
2022,79702,,ELA,*,9
2022,79702,,Math,*,6
2022,5493,,ELA,*,11
2022,5493,,Math,*,*
2022,10737,,ELA,*,*
2022,10737,,Math,*,*
2022,78814,,ELA,*,*
2022,78814,,Math,*,*
2022,79174,,ELA,*,15
2022,79174,,Math,*,*
2022,80026,,ELA,*,8
2022,80026,,Math,*,*
2022,89440,,ELA,*,9
2022,89440,,Math,*,8
2022,89827,,ELA,*,2
2022,89827,,Math,*,*
2022,1001731,,ELA,*,14
2022,1001731,,Math,*,7
2022,5530,,ELA,*,8
2022,5530,,Math,*,*
2022,90208,,ELA,*,*
2022,90208,,Math,*,*
2022,1001762,,ELA,*,*
2022,1001762,,Math,*,*
2022,79579,,ELA,*,18
2022,79579,,Math,*,10
2022,5071,,ELA,*,*
2022,5071,,Math,*,*
2022,5105,,ELA,*,47
2022,5105,,Math,*,43
2022,5106,,ELA,486,64
2022,5106,,Math,490,53
2022,5107,,ELA,382,26
2022,5107,,Math,403,17
2022,5108,,ELA,245,52
2022,5108,,Math,249,43
2022,79268,,ELA,566,69
2022,79268,,Math,569,64
2022,90782,,ELA,*,46
2022,90782,,Math,*,20
2022,92611,,ELA,*,19
2022,92611,,Math,*,13
2022,89828,,ELA,*,62
2022,89828,,Math,*,39
2022,850102,,ELA,*,6
2022,850102,,Math,*,6
2022,5013,,ELA,*,33
2022,5013,,Math,*,28
2022,5014,,ELA,*,28
2022,5014,,Math,268,33
2022,5015,,ELA,402,35
2022,5015,,Math,404,29
2022,5016,,ELA,469,47
2022,5016,,Math,471,39
2022,5017,,ELA,475,54
2022,5017,,Math,481,45
2022,6231,,ELA,*,6
2022,6231,,Math,*,*
2022,81207,,ELA,107,61
2022,81207,,Math,107,41
2022,85835,,ELA,406,26
2022,85835,,Math,410,21
2022,87520,,ELA,574,51
2022,87520,,Math,577,46
2022,10814,,ELA,*,5
2022,10814,,Math,*,*
2022,5436,,ELA,*,7
2022,5436,,Math,*,9
2022,5437,,ELA,*,9
2022,5437,,Math,*,9
2022,5438,,ELA,*,10
2022,5438,,Math,*,6
2022,5439,,ELA,*,20
2022,5439,,Math,*,13
2022,5440,,ELA,*,8
2022,5440,,Math,*,9
2022,5441,,ELA,*,11
2022,5441,,Math,*,9
2022,5442,,ELA,*,16
2022,5442,,Math,*,13
2022,5443,,ELA,*,12
2022,5443,,Math,*,6
2022,6248,,ELA,*,21
2022,6248,,Math,*,14
2022,6249,,ELA,*,3
2022,6249,,Math,*,*
2022,78847,,ELA,*,13
2022,78847,,Math,*,10
2022,79617,,ELA,*,4
2022,79617,,Math,*,4
2022,88407,,ELA,*,79
2022,88407,,Math,*,62
2022,89571,,ELA,*,27
2022,89571,,Math,*,26
2022,89778,,ELA,*,23
2022,89778,,Math,*,14
2022,128903,,ELA,*,21
2022,128903,,Math,*,25
2022,221992,,ELA,*,59
2022,221992,,Math,*,48
2022,875776,,ELA,*,13
2022,875776,,Math,*,7
2022,87335,,ELA,*,33
2022,87335,,Math,*,*
2022,91213,,ELA,*,20
2022,91213,,Math,*,40
2022,5463,,ELA,*,*
2022,5463,,Math,*,*
2022,81180,,ELA,*,5
2022,81180,,Math,*,*
2022,79619,,ELA,*,*
2022,79619,,Math,*,*
2022,289884,,ELA,*,*
2022,289884,,Math,*,*
2022,79456,,ELA,*,40
2022,79456,,Math,*,26
2022,79570,,ELA,*,4
2022,79570,,Math,*,7
2022,5141,,ELA,*,60
2022,5141,,Math,*,51
2022,92628,,ELA,*,21
2022,92628,,Math,*,11
2022,1000117,,ELA,*,56
2022,1000117,,Math,*,57
2022,90825,,ELA,*,*
2022,90825,,Math,*,*
2022,5467,,ELA,*,72
2022,5467,,Math,*,60
2022,79952,,ELA,*,25
2022,79952,,Math,*,12
2022,85819,,ELA,*,17
2022,85819,,Math,*,19
2022,90159,,ELA,*,*
2022,90159,,Math,*,*
2022,89799,,ELA,*,33
2022,89799,,Math,*,29
2022,89757,,ELA,*,93
2022,89757,,Math,*,87
2022,5066,,ELA,*,56
2022,5066,,Math,*,44
2022,5067,,ELA,*,25
2022,5067,,Math,*,17
2022,5068,,ELA,*,66
2022,5068,,Math,*,52
2022,5069,,ELA,*,70
2022,5069,,Math,*,58
2022,5070,,ELA,*,79
2022,5070,,Math,*,69
2022,91286,,ELA,*,70
2022,91286,,Math,*,58
2022,89941,,ELA,*,4
2022,89941,,Math,*,*
2022,79092,,ELA,*,7
2022,79092,,Math,*,11
2022,92044,,ELA,*,*
2022,92044,,Math,*,*
2022,5549,,ELA,*,78
2022,5549,,Math,*,70
2022,5444,,ELA,*,15
2022,5444,,Math,*,17
2022,5445,,ELA,*,41
2022,5445,,Math,*,34
2022,5446,,ELA,*,32
2022,5446,,Math,*,20
2022,5447,,ELA,*,62
2022,5447,,Math,*,53
2022,5448,,ELA,*,37
2022,5448,,Math,*,31
2022,5449,,ELA,*,67
2022,5449,,Math,*,62
2022,87990,,ELA,*,43
2022,87990,,Math,*,30
2022,91825,,ELA,155,52
2022,91825,,Math,155,41
2022,1000047,,ELA,*,*
2022,1000047,,Math,*,*
2022,5452,,ELA,*,19
2022,5452,,Math,*,17
2022,5453,,ELA,*,27
2022,5453,,Math,*,20
2022,80051,,ELA,*,18
2022,80051,,Math,*,17
2022,85810,,ELA,*,12
2022,85810,,Math,*,10
2022,89908,,ELA,*,12
2022,89908,,Math,*,12
2022,90085,,ELA,*,31
2022,90085,,Math,*,25
2022,90551,,ELA,*,95
2022,90551,,Math,*,85
2022,91156,,ELA,92,62
2022,91156,,Math,*,63
2022,79958,,ELA,*,63
2022,79958,,Math,*,50
2022,1000304,,ELA,*,63
2022,1000304,,Math,*,50
2022,80994,,ELA,*,75
2022,80994,,Math,*,78
2022,80385,,ELA,*,*
2022,80385,,Math,*,*
2022,92619,,ELA,*,23
2022,92619,,Math,*,19
2022,4987,,ELA,*,34
2022,4987,,Math,*,32
2022,91264,,ELA,*,26
2022,91264,,Math,*,26
2022,85541,,ELA,*,29
2022,85541,,Math,*,9
2022,5567,,ELA,*,37
2022,5567,,Math,*,32
2022,5592,,ELA,*,22
2022,5592,,Math,*,16
2022,5593,,ELA,*,14
2022,5593,,Math,*,13
2022,90858,,ELA,*,*
2022,90858,,Math,*,3
2022,79373,,ELA,*,43
2022,79373,,Math,*,35
2022,5595,,ELA,*,20
2022,5595,,Math,*,12
2022,91772,,ELA,*,34
2022,91772,,Math,*,32
2022,1001750,,ELA,*,17
2022,1001750,,Math,*,10
2022,5565,,ELA,*,35
2022,5565,,Math,*,30
2022,85839,,ELA,*,15
2022,85839,,Math,*,6
2022,85821,,ELA,*,15
2022,85821,,Math,*,19
2022,79510,,ELA,*,42
2022,79510,,Math,*,35
2022,78857,,ELA,*,54
2022,78857,,Math,*,54
2022,5648,,ELA,*,31
2022,5648,,Math,*,30
2022,456092,,ELA,*,*
2022,456092,,Math,*,*
2022,5625,,ELA,*,40
2022,5625,,Math,*,16
2022,5610,,ELA,*,20
2022,5610,,Math,*,17
2022,5606,,ELA,*,47
2022,5606,,Math,*,33
2022,5644,,ELA,*,4
2022,5644,,Math,*,12
2022,7654,,ELA,*,*
2022,7654,,Math,*,*
2022,5613,,ELA,*,16
2022,5613,,Math,*,9
2022,5653,,ELA,*,*
2022,5653,,Math,*,*
2022,5632,,ELA,*,56
2022,5632,,Math,*,33
2022,79646,,ELA,*,*
2022,79646,,Math,*,*
2022,91203,,ELA,*,7
2022,91203,,Math,*,6
2022,5618,,ELA,*,53
2022,5618,,Math,*,50
2022,5637,,ELA,*,4
2022,5637,,Math,*,2
2022,5604,,ELA,*,19
2022,5604,,Math,*,16
2022,78898,,ELA,*,50
2022,78898,,Math,*,41
2022,5891,,ELA,*,44
2022,5891,,Math,*,33
2022,6292,,ELA,*,7
2022,6292,,Math,*,*
2022,80996,,ELA,*,11
2022,80996,,Math,*,11
2022,5808,,ELA,*,55
2022,5808,,Math,*,54
2022,6055,,ELA,*,13
2022,6055,,Math,*,16
2022,79378,,ELA,*,54
2022,79378,,Math,*,46
2022,91755,,ELA,*,39
2022,91755,,Math,*,12
2022,78941,,ELA,*,*
2022,78941,,Math,*,*
2022,91766,,ELA,*,98
2022,91766,,Math,*,98
2022,5847,,ELA,*,*
2022,5847,,Math,*,*
2022,89872,,ELA,*,29
2022,89872,,Math,*,27
2022,85451,,ELA,*,41
2022,85451,,Math,*,12
2022,87412,,ELA,*,9
2022,87412,,Math,*,*
2022,80033,,ELA,*,3
2022,80033,,Math,*,6
2022,81030,,ELA,*,5
2022,81030,,Math,*,5
2022,605648,,ELA,*,24
2022,605648,,Math,*,23
2022,5839,,ELA,*,71
2022,5839,,Math,*,58
2022,79468,,ELA,*,13
2022,79468,,Math,*,5
2022,79127,,ELA,*,59
2022,79127,,Math,*,54
2022,1001746,,ELA,*,60
2022,1001746,,Math,*,20
2022,80974,,ELA,*,16
2022,80974,,Math,*,5
2022,90285,,ELA,*,65
2022,90285,,Math,*,24
2022,79442,,ELA,*,14
2022,79442,,Math,*,7
2022,78836,,ELA,*,3
2022,78836,,Math,*,2
2022,5860,,ELA,*,13
2022,5860,,Math,*,12
2022,80928,,ELA,*,20
2022,80928,,Math,*,*
2022,5791,,ELA,*,42
2022,5791,,Math,*,34
2022,6054,,ELA,*,11
2022,6054,,Math,*,*
2022,91832,,ELA,*,12
2022,91832,,Math,*,7
2022,5872,,ELA,*,*
2022,5872,,Math,*,*
2022,91782,,ELA,*,40
2022,91782,,Math,*,10
2022,6350,,ELA,*,*
2022,6350,,Math,*,*
2022,5781,,ELA,*,36
2022,5781,,Math,*,27
2022,5782,,ELA,*,46
2022,5782,,Math,*,35
2022,6279,,ELA,*,17
2022,6279,,Math,*,10
2022,87083,,ELA,*,50
2022,87083,,Math,*,33
2022,10885,,ELA,*,22
2022,10885,,Math,*,13
2022,1001732,,ELA,*,14
2022,1001732,,Math,*,*
2022,6057,,ELA,*,7
2022,6057,,Math,*,*
2022,1001696,,ELA,*,9
2022,1001696,,Math,*,6
2022,90907,,ELA,*,3
2022,90907,,Math,*,3
2022,79960,,ELA,*,11
2022,79960,,Math,*,5
2022,90998,,ELA,*,*
2022,90998,,Math,*,*
2022,5873,,ELA,*,4
2022,5873,,Math,*,*
2022,5876,,ELA,*,*
2022,5876,,Math,*,*
2022,5877,,ELA,*,*
2022,5877,,Math,*,4
2022,5878,,ELA,*,*
2022,5878,,Math,*,3
2022,5879,,ELA,*,*
2022,5879,,Math,*,*
2022,5880,,ELA,*,*
2022,5880,,Math,*,*
2022,79705,,ELA,*,41
2022,79705,,Math,213,22
2022,91830,,ELA,*,22
2022,91830,,Math,*,8
2022,5865,,ELA,*,86
2022,5865,,Math,*,50
2022,5843,,ELA,*,32
2022,5843,,Math,*,22
2022,90824,,ELA,*,41
2022,90824,,Math,*,39
2022,1001695,,ELA,*,31
2022,1001695,,Math,*,7
2022,79028,,ELA,*,38
2022,79028,,Math,*,*
2022,92518,,ELA,*,*
2022,92518,,Math,*,*
2022,79091,,ELA,*,*
2022,79091,,Math,*,*
2022,92497,,ELA,*,*
2022,92497,,Math,*,*
2022,5826,,ELA,*,20
2022,5826,,Math,*,14
2022,5827,,ELA,*,17
2022,5827,,Math,*,10
2022,6288,,ELA,*,*
2022,6288,,Math,*,*
2022,91829,,ELA,*,34
2022,91829,,Math,*,7
2022,87466,,ELA,*,61
2022,87466,,Math,*,55
2022,79980,,ELA,*,*
2022,79980,,Math,*,50
2022,84297,,ELA,*,*
2022,84297,,Math,*,*
2022,90044,,ELA,*,50
2022,90044,,Math,*,*
2022,90045,,ELA,*,34
2022,90045,,Math,*,13
2022,5892,,ELA,*,*
2022,5892,,Math,*,*
2022,5756,,ELA,*,5
2022,5756,,Math,*,10
2022,5757,,ELA,*,14
2022,5757,,Math,*,11
2022,5758,,ELA,*,30
2022,5758,,Math,*,20
2022,5759,,ELA,*,16
2022,5759,,Math,*,7
2022,5760,,ELA,*,22
2022,5760,,Math,*,16
2022,5761,,ELA,*,43
2022,5761,,Math,*,36
2022,5762,,ELA,*,23
2022,5762,,Math,*,19
2022,5763,,ELA,*,14
2022,5763,,Math,*,8
2022,5764,,ELA,*,30
2022,5764,,Math,*,18
2022,5766,,ELA,*,98
2022,5766,,Math,*,96
2022,6264,,ELA,*,25
2022,6264,,Math,*,25
2022,6269,,ELA,*,*
2022,6269,,Math,*,*
2022,6272,,ELA,*,*
2022,6272,,Math,*,*
2022,85924,,ELA,*,19
2022,85924,,Math,*,14
2022,1001156,,ELA,*,52
2022,1001156,,Math,*,18
2022,5861,,ELA,*,10
2022,5861,,Math,*,*
2022,90286,,ELA,*,*
2022,90286,,Math,*,*
2022,10855,,ELA,*,39
2022,10855,,Math,*,43
2022,79721,,ELA,*,59
2022,79721,,Math,*,50
2022,84665,,ELA,*,21
2022,84665,,Math,*,13
2022,87875,,ELA,*,66
2022,87875,,Math,*,59
2022,90845,,ELA,*,77
2022,90845,,Math,89,60
2022,91292,,ELA,*,52
2022,91292,,Math,*,41
2022,1000597,,ELA,*,47
2022,1000597,,Math,*,44
2022,1000972,,ELA,*,40
2022,1000972,,Math,*,*
2022,635758,,ELA,*,58
2022,635758,,Math,*,53
2022,6346,,ELA,*,8
2022,6346,,Math,*,3
2022,5925,,ELA,*,22
2022,5925,,Math,*,17
2022,5948,,ELA,*,27
2022,5948,,Math,*,20
2022,90084,,ELA,*,26
2022,90084,,Math,*,23
2022,1001708,,ELA,*,12
2022,1001708,,Math,*,2
2022,5916,,ELA,*,17
2022,5916,,Math,*,16
2022,92608,,ELA,*,9
2022,92608,,Math,*,8
2022,1001734,,ELA,*,10
2022,1001734,,Math,*,3
2022,5479,,ELA,*,62
2022,5479,,Math,*,47
2022,5897,,ELA,*,33
2022,5897,,Math,*,15
2022,89907,,ELA,*,25
2022,89907,,Math,*,20
2022,90309,,ELA,*,26
2022,90309,,Math,*,20
2022,90781,,ELA,*,14
2022,90781,,Math,*,5
2022,92280,,ELA,*,3
2022,92280,,Math,*,*
2022,89859,,ELA,330,44
2022,89859,,Math,338,33
2022,1001141,,ELA,*,7
2022,1001141,,Math,*,13
2022,1001830,,ELA,*,25
2022,1001830,,Math,*,20
2022,5904,,ELA,*,20
2022,5904,,Math,*,6
2022,5910,,ELA,*,26
2022,5910,,Math,*,20
2022,1001089,,ELA,*,22
2022,1001089,,Math,*,9
2022,6067,,ELA,*,8
2022,6067,,Math,*,*
2022,10750,,ELA,*,22
2022,10750,,Math,*,22
2022,5900,,ELA,*,10
2022,5900,,Math,*,4
2022,5951,,ELA,*,20
2022,5951,,Math,*,15
2022,90415,,ELA,*,*
2022,90415,,Math,*,*
2022,5907,,ELA,*,12
2022,5907,,Math,*,16
2022,5961,,ELA,*,4
2022,5961,,Math,*,6
2022,5962,,ELA,*,34
2022,5962,,Math,*,26
2022,91269,,ELA,*,5
2022,91269,,Math,*,4
2022,5971,,ELA,*,27
2022,5971,,Math,*,27
2022,79621,,ELA,*,*
2022,79621,,Math,*,*
2022,5966,,ELA,*,28
2022,5966,,Math,*,19
2022,91132,,ELA,*,61
2022,91132,,Math,*,45
2022,6103,,ELA,*,38
2022,6103,,Math,*,33
2022,92321,,ELA,*,*
2022,92321,,Math,*,*
2022,6089,,ELA,*,16
2022,6089,,Math,*,15
2022,6100,,ELA,*,20
2022,6100,,Math,*,18
2022,1000257,,ELA,*,*
2022,1000257,,Math,*,*
2022,6110,,ELA,*,29
2022,6110,,Math,*,28
2022,88388,,ELA,*,56
2022,88388,,Math,*,22
2022,6366,,ELA,*,22
2022,6366,,Math,*,22
2022,6097,,ELA,*,36
2022,6097,,Math,*,25
2022,87536,,ELA,*,38
2022,87536,,Math,*,28
2022,78821,,ELA,*,81
2022,78821,,Math,*,70
2022,6106,,ELA,*,20
2022,6106,,Math,*,16
2022,6127,,ELA,220,23
2022,6127,,Math,223,28
2022,91320,,ELA,*,12
2022,91320,,Math,*,11
2022,79108,,ELA,*,12
2022,79108,,Math,*,11
2022,92234,,ELA,*,50
2022,92234,,Math,*,17
2022,8135,,ELA,*,42
2022,8135,,Math,*,35
2022,6085,,ELA,*,41
2022,6085,,Math,*,27
2022,6105,,ELA,*,10
2022,6105,,Math,*,*
2022,79380,,ELA,*,14
2022,79380,,Math,*,14
2022,91815,,ELA,*,*
2022,91815,,Math,*,17
2022,6188,,ELA,*,10
2022,6188,,Math,*,8
2022,6192,,ELA,*,10
2022,6192,,Math,*,10
2022,89656,,ELA,*,*
2022,89656,,Math,*,*
2022,79513,,ELA,*,16
2022,79513,,Math,*,7
2022,6193,,ELA,*,*
2022,6193,,Math,*,12
2022,6189,,ELA,*,11
2022,6189,,Math,*,11
2022,6190,,ELA,*,18
2022,6190,,Math,*,14
2022,6191,,ELA,*,30
2022,6191,,Math,*,27
2022,6302,,ELA,*,4
2022,6302,,Math,*,4
2022,80409,,ELA,*,17
2022,80409,,Math,*,18
2022,89576,,ELA,*,38
2022,89576,,Math,*,24
2022,91316,,ELA,*,67
2022,91316,,Math,*,34
2023,4737,,ELA,195,12
2023,4737,,Math,199,8
2023,4728,,ELA,102,*
2023,4728,,Math,107,*
2023,4741,,ELA,37,*
2023,4741,,Math,37,*
2023,88386,,ELA,*,*
2023,88386,,Math,*,*
2023,4721,,ELA,84,33
2023,4721,,Math,89,28
2023,92686,,ELA,*,*
2023,92686,,Math,*,*
2023,4724,,ELA,39,*
2023,4724,,Math,41,*
2023,4711,,ELA,67,45
2023,4711,,Math,68,51
2023,89607,,ELA,*,*
2023,89607,,Math,*,*
2023,4717,,ELA,130,27
2023,4717,,Math,134,14
2023,4799,,ELA,99,38
2023,4799,,Math,100,36
2023,85879,,ELA,16,*
2023,85879,,Math,16,*
2023,90775,,ELA,*,*
2023,90775,,Math,*,*
2023,4754,,ELA,70,23
2023,4754,,Math,75,*
2023,1000301,,ELA,*,*
2023,1000301,,Math,*,*
2023,4759,,ELA,*,*
2023,4759,,Math,*,*
2023,4801,,ELA,25,*
2023,4801,,Math,25,*
2023,4802,,ELA,50,*
2023,4802,,Math,51,26
2023,81028,,ELA,22,*
2023,81028,,Math,23,*
2023,1001688,,ELA,15,*
2023,1001688,,Math,15,*
2023,4773,,ELA,317,31
2023,4773,,Math,322,17
2023,1001916,,ELA,*,*
2023,1001916,,Math,*,*
2023,79505,,ELA,*,*
2023,79505,,Math,*,*
2023,4760,,ELA,*,*
2023,4760,,Math,*,*
2023,4783,,ELA,368,47
2023,4783,,Math,373,31
2023,1001827,,ELA,14,*
2023,1001827,,Math,14,*
2023,4762,,ELA,24,*
2023,4762,,Math,25,*
2023,4751,,ELA,91,42
2023,4751,,Math,92,30
2023,4800,,ELA,25,*
2023,4800,,Math,25,*
2023,4757,,ELA,77,31
2023,4757,,Math,79,28
2023,90863,,ELA,36,*
2023,90863,,Math,36,97
2023,81127,,ELA,*,*
2023,81127,,Math,*,*
2023,85842,,ELA,19,*
2023,85842,,Math,19,*
2023,1001242,,ELA,*,*
2023,1001242,,Math,*,*
2023,4842,,ELA,21,67
2023,4842,,Math,22,*
2023,4803,,ELA,*,*
2023,4803,,Math,15,*
2023,4819,,ELA,355,41
2023,4819,,Math,358,26
2023,4820,,ELA,291,36
2023,4820,,Math,304,22
2023,230656,,ELA,12,*
2023,230656,,Math,13,*
2023,4828,,ELA,*,*
2023,4828,,Math,13,*
2023,4825,,ELA,19,58
2023,4825,,Math,19,*
2023,4845,,ELA,81,76
2023,4845,,Math,82,75
2023,4832,,ELA,158,19
2023,4832,,Math,166,19
2023,92913,,ELA,11,*
2023,92913,,Math,11,*
2023,1001183,,ELA,*,*
2023,1001183,,Math,*,*
2023,4838,,ELA,132,*
2023,4838,,Math,136,*
2023,78916,,ELA,*,*
2023,78916,,Math,*,*
2023,4823,,ELA,56,23
2023,4823,,Math,56,*
2023,4855,,ELA,92,20
2023,4855,,Math,95,12
2023,1001828,,ELA,*,*
2023,1001828,,Math,*,*
2023,4873,,ELA,16,*
2023,4873,,Math,16,*
2023,4878,,ELA,*,*
2023,4878,,Math,*,*
2023,4869,,ELA,56,*
2023,4869,,Math,60,*
2023,4860,,ELA,140,40
2023,4860,,Math,146,33
2023,4863,,ELA,63,*
2023,4863,,Math,74,*
2023,89776,,ELA,*,*
2023,89776,,Math,12,*
2023,4875,,ELA,*,*
2023,4875,,Math,*,*
2023,4893,,ELA,16,*
2023,4893,,Math,16,*
2023,90064,,ELA,*,*
2023,90064,,Math,*,*
2023,4891,,ELA,78,44
2023,4891,,Math,78,42
2023,92296,,ELA,*,*
2023,92296,,Math,*,*
2023,4884,,ELA,168,30
2023,4884,,Math,172,35
2023,4885,,ELA,27,*
2023,4885,,Math,27,*
2023,216045,,ELA,12,*
2023,216045,,Math,12,*
2023,4889,,ELA,117,46
2023,4889,,Math,120,41
2023,1001768,,ELA,*,*
2023,1001768,,Math,*,*
2023,4908,,ELA,*,*
2023,4908,,Math,*,*
2023,4903,,ELA,21,*
2023,4903,,Math,21,*
2023,4906,,ELA,78,36
2023,4906,,Math,79,23
2023,6203,,ELA,23,*
2023,6203,,Math,24,*
2023,6197,,ELA,94,20
2023,6197,,Math,96,15
2023,80408,,ELA,11,*
2023,80408,,Math,12,*
2023,79123,,ELA,19,*
2023,79123,,Math,22,*
2023,742847,,ELA,*,*
2023,742847,,Math,*,*
2023,91304,,ELA,76,27
2023,91304,,Math,76,32
2023,91306,,ELA,71,86
2023,91306,,Math,72,66
2023,92248,,ELA,35,*
2023,92248,,Math,35,*
2023,860177,,ELA,357,70
2023,860177,,Math,359,47
2023,89870,,ELA,48,*
2023,89870,,Math,50,*
2023,10795,,ELA,43,*
2023,10795,,Math,43,*
2023,5462,,ELA,40,*
2023,5462,,Math,41,*
2023,5454,,ELA,367,31
2023,5454,,Math,375,19
2023,78926,,ELA,502,57
2023,78926,,Math,506,40
2023,79799,,ELA,456,36
2023,79799,,Math,468,22
2023,87903,,ELA,415,47
2023,87903,,Math,422,36
2023,932049,,ELA,458,49
2023,932049,,Math,462,32
2023,78813,,ELA,56,*
2023,78813,,Math,65,*
2023,78901,,ELA,69,*
2023,78901,,Math,73,*
2023,78900,,ELA,33,*
2023,78900,,Math,35,*
2023,78817,,ELA,160,7
2023,78817,,Math,168,*
2023,80990,,ELA,134,11
2023,80990,,Math,146,*
2023,88335,,ELA,74,34
2023,88335,,Math,74,22
2023,6347,,ELA,101,*
2023,6347,,Math,107,*
2023,6348,,ELA,94,*
2023,6348,,Math,96,*
2023,1001427,,ELA,40,*
2023,1001427,,Math,42,*
2023,90769,,ELA,250,58
2023,90769,,Math,253,51
2023,92348,,ELA,38,45
2023,92348,,Math,38,*
2023,92885,,ELA,221,50
2023,92885,,Math,226,38
2023,509281,,ELA,301,63
2023,509281,,Math,303,53
2023,1001506,,ELA,149,42
2023,1001506,,Math,151,32
2023,1001509,,ELA,84,52
2023,1001509,,Math,84,48
2023,1001761,,ELA,81,36
2023,1001761,,Math,86,34
2023,81178,,ELA,1061,31
2023,81178,,Math,1083,15
2023,90635,,ELA,44,80
2023,90635,,Math,44,78
2023,89487,,ELA,55,78
2023,89487,,Math,55,78
2023,156568,,ELA,30,43
2023,156568,,Math,30,40
2023,1001738,,ELA,21,67
2023,1001738,,Math,21,*
2023,6344,,ELA,77,81
2023,6344,,Math,78,55
2023,5503,,ELA,116,47
2023,5503,,Math,116,25
2023,90780,,ELA,99,71
2023,90780,,Math,99,61
2023,92984,,ELA,11,*
2023,92984,,Math,17,*
2023,1001693,,ELA,*,*
2023,1001693,,Math,*,*
2023,5520,,ELA,16,*
2023,5520,,Math,17,*
2023,81179,,ELA,192,46
2023,81179,,Math,196,25
2023,91184,,ELA,*,*
2023,91184,,Math,*,*
2023,91246,,ELA,104,26
2023,91246,,Math,107,16
2023,5519,,ELA,83,77
2023,5519,,Math,83,55
2023,6395,,ELA,18,*
2023,6395,,Math,24,*
2023,80006,,ELA,19,*
2023,80006,,Math,19,*
2023,81079,,ELA,73,*
2023,81079,,Math,73,*
2023,90509,,ELA,64,98
2023,90509,,Math,64,*
2023,91055,,ELA,62,*
2023,91055,,Math,62,98
2023,91056,,ELA,82,98
2023,91056,,Math,82,*
2023,91343,,ELA,68,*
2023,91343,,Math,68,*
2023,92030,,ELA,29,96
2023,92030,,Math,29,*
2023,91997,,ELA,45,98
2023,91997,,Math,45,98
2023,92735,,ELA,25,96
2023,92735,,Math,25,96
2023,92270,,ELA,171,70
2023,92270,,Math,174,64
2023,81042,,ELA,42,*
2023,81042,,Math,44,*
2023,81182,,ELA,135,28
2023,81182,,Math,139,12
2023,5424,,ELA,371,27
2023,5424,,Math,385,28
2023,79376,,ELA,270,45
2023,79376,,Math,276,42
2023,89573,,ELA,471,34
2023,89573,,Math,480,33
2023,91826,,ELA,58,26
2023,91826,,Math,59,*
2023,88289,,ELA,51,39
2023,88289,,Math,51,*
2023,5466,,ELA,15,*
2023,5466,,Math,16,*
2023,79129,,ELA,19,*
2023,79129,,Math,23,*
2023,80025,,ELA,16,*
2023,80025,,Math,17,*
2023,80430,,ELA,*,*
2023,80430,,Math,*,*
2023,5137,,ELA,*,64
2023,5137,,Math,*,57
2023,1001171,,ELA,*,*
2023,1001171,,Math,*,*
2023,88300,,ELA,67,87
2023,88300,,Math,67,77
2023,5127,,ELA,715,45
2023,5127,,Math,732,32
2023,6015,,ELA,931,69
2023,6015,,Math,944,61
2023,79633,,ELA,626,65
2023,79633,,Math,629,60
2023,89591,,ELA,314,93
2023,89591,,Math,316,87
2023,89613,,ELA,745,72
2023,89613,,Math,755,65
2023,91282,,ELA,202,60
2023,91282,,Math,203,48
2023,92892,,ELA,512,68
2023,92892,,Math,512,65
2023,92636,,ELA,*,*
2023,92636,,Math,*,*
2023,10801,,ELA,*,*
2023,10801,,Math,*,*
2023,92637,,ELA,25,*
2023,92637,,Math,25,*
2023,92317,,ELA,31,75
2023,92317,,Math,31,84
2023,1001686,,ELA,*,*
2023,1001686,,Math,*,*
2023,79099,,ELA,30,*
2023,79099,,Math,30,*
2023,79102,,ELA,*,*
2023,79102,,Math,*,*
2023,89918,,ELA,41,71
2023,89918,,Math,41,64
2023,79506,,ELA,12,*
2023,79506,,Math,12,*
2023,5161,,ELA,338,33
2023,5161,,Math,342,33
2023,5162,,ELA,339,36
2023,5162,,Math,356,25
2023,5163,,ELA,659,56
2023,5163,,Math,661,51
2023,79414,,ELA,164,49
2023,79414,,Math,164,41
2023,80317,,ELA,618,52
2023,80317,,Math,624,46
2023,85850,,ELA,*,54
2023,85850,,Math,*,43
2023,92525,,ELA,*,*
2023,92525,,Math,*,*
2023,78950,,ELA,48,56
2023,78950,,Math,48,29
2023,5133,,ELA,295,40
2023,5133,,Math,304,32
2023,81113,,ELA,366,46
2023,81113,,Math,368,39
2023,88417,,ELA,*,44
2023,88417,,Math,*,32
2023,90134,,ELA,544,61
2023,90134,,Math,550,45
2023,90875,,ELA,*,57
2023,90875,,Math,*,43
2023,79117,,ELA,20,*
2023,79117,,Math,20,*
2023,81143,,ELA,83,*
2023,81143,,Math,86,*
2023,90075,,ELA,20,*
2023,90075,,Math,21,*
2023,90389,,ELA,12,*
2023,90389,,Math,12,*
2023,90768,,ELA,17,*
2023,90768,,Math,19,*
2023,90815,,ELA,58,21
2023,90815,,Math,60,*
2023,91199,,ELA,32,*
2023,91199,,Math,35,*
2023,85750,,ELA,15,*
2023,85750,,Math,16,*
2023,79982,,ELA,33,70
2023,79982,,Math,35,45
2023,10849,,ELA,46,*
2023,10849,,Math,50,*
2023,5500,,ELA,169,46
2023,5500,,Math,192,28
2023,90322,,ELA,20,*
2023,90322,,Math,21,*
2023,90377,,ELA,48,31
2023,90377,,Math,51,*
2023,79219,,Math,*,*
2023,90324,,ELA,*,*
2023,90324,,Math,*,*
2023,90202,,ELA,11,*
2023,90202,,Math,16,*
2023,90844,,ELA,103,12
2023,90844,,Math,114,*
2023,92975,,ELA,67,*
2023,92975,,Math,68,*
2023,5507,,ELA,49,*
2023,5507,,Math,50,*
2023,181823,,ELA,92,51
2023,181823,,Math,92,32
2023,5167,,ELA,121,44
2023,5167,,Math,124,45
2023,90932,,ELA,*,*
2023,90932,,Math,*,*
2023,1000980,,ELA,*,*
2023,1000980,,Math,*,*
2023,79022,,ELA,299,5
2023,79022,,Math,316,*
2023,90737,,ELA,56,*
2023,90737,,Math,58,*
2023,5504,,ELA,*,*
2023,5504,,Math,*,*
2023,5019,,ELA,32,*
2023,5019,,Math,34,*
2023,5039,,ELA,501,45
2023,5039,,Math,513,40
2023,5040,,ELA,*,61
2023,5040,,Math,*,52
2023,6007,,ELA,*,42
2023,6007,,Math,*,31
2023,79823,,ELA,*,52
2023,79823,,Math,*,37
2023,89606,,ELA,96,*
2023,89606,,Math,96,96
2023,90124,,ELA,*,62
2023,90124,,Math,*,52
2023,91209,,ELA,155,50
2023,91209,,Math,157,35
2023,89830,,ELA,55,93
2023,89830,,Math,55,78
2023,5426,,ELA,354,28
2023,5426,,Math,357,25
2023,5427,,ELA,478,58
2023,5427,,Math,484,56
2023,5428,,ELA,358,33
2023,5428,,Math,366,28
2023,5429,,ELA,198,30
2023,5429,,Math,201,24
2023,5430,,ELA,309,36
2023,5430,,Math,310,37
2023,5431,,ELA,484,35
2023,5431,,Math,490,27
2023,5432,,ELA,327,52
2023,5432,,Math,327,48
2023,5433,,ELA,297,51
2023,5433,,Math,305,34
2023,5434,,ELA,465,36
2023,5434,,Math,467,29
2023,5435,,ELA,144,11
2023,5435,,Math,149,*
2023,794564,,ELA,123,20
2023,794564,,Math,124,10
2023,92522,,ELA,102,77
2023,92522,,Math,102,70
2023,92521,,ELA,100,32
2023,92521,,Math,100,21
2023,5509,,ELA,103,70
2023,5509,,Math,103,60
2023,1000169,,ELA,85,60
2023,1000169,,Math,85,41
2023,703390,,ELA,96,36
2023,703390,,Math,97,47
2023,79374,,ELA,538,64
2023,79374,,Math,538,62
2023,89581,,ELA,488,61
2023,89581,,Math,493,59
2023,1001176,,ELA,29,55
2023,1001176,,Math,29,59
2023,78809,,ELA,106,67
2023,78809,,Math,107,55
2023,79042,,ELA,83,*
2023,79042,,Math,86,*
2023,1001879,,ELA,*,*
2023,1001879,,Math,*,*
2023,90035,,ELA,44,*
2023,90035,,Math,48,*
2023,89789,,ELA,79,30
2023,89789,,Math,81,21
2023,89791,,ELA,64,42
2023,89791,,Math,65,26
2023,10746,,ELA,13,*
2023,10746,,Math,13,*
2023,1001763,,ELA,*,*
2023,1001763,,Math,*,*
2023,88232,,ELA,36,*
2023,88232,,Math,40,*
2023,79113,,ELA,21,*
2023,79113,,Math,21,*
2023,79476,,ELA,11,*
2023,79476,,Math,12,*
2023,78899,,ELA,47,*
2023,78899,,Math,51,*
2023,92246,,ELA,110,55
2023,92246,,Math,110,35
2023,10748,,ELA,78,*
2023,10748,,Math,94,*
2023,91158,,ELA,100,51
2023,91158,,Math,100,40
2023,1001670,,ELA,51,*
2023,1001670,,Math,51,*
2023,10749,,ELA,52,*
2023,10749,,Math,55,*
2023,6349,,ELA,21,*
2023,6349,,Math,22,*
2023,79111,,ELA,*,*
2023,79111,,Math,*,*
2023,87416,,ELA,56,41
2023,87416,,Math,57,31
2023,91597,,ELA,46,*
2023,91597,,Math,47,*
2023,87350,,ELA,45,*
2023,87350,,Math,47,*
2023,92732,,ELA,48,64
2023,92732,,Math,48,62
2023,81175,,ELA,59,61
2023,81175,,Math,59,42
2023,92605,,ELA,109,43
2023,92605,,Math,109,57
2023,5480,,ELA,71,31
2023,5480,,Math,72,25
2023,969999,,ELA,21,*
2023,969999,,Math,23,*
2023,91781,,ELA,40,*
2023,91781,,Math,40,30
2023,4980,,ELA,697,21
2023,4980,,Math,716,20
2023,4981,,ELA,704,23
2023,4981,,Math,738,20
2023,4982,,ELA,614,55
2023,4982,,Math,626,50
2023,4983,,ELA,440,31
2023,4983,,Math,459,22
2023,4984,,ELA,714,55
2023,4984,,Math,739,50
2023,78917,,ELA,422,27
2023,78917,,Math,452,20
2023,78930,,ELA,42,55
2023,78930,,Math,43,46
2023,78932,,ELA,29,*
2023,78932,,Math,30,*
2023,10847,,ELA,52,46
2023,10847,,Math,53,*
2023,1001155,,ELA,59,22
2023,1001155,,Math,60,*
2023,5482,,ELA,55,44
2023,5482,,Math,55,40
2023,91422,,ELA,44,63
2023,91422,,Math,44,68
2023,79702,,ELA,111,*
2023,79702,,Math,152,*
2023,5493,,ELA,18,*
2023,5493,,Math,19,*
2023,10737,,ELA,19,*
2023,10737,,Math,20,*
2023,78814,,ELA,37,*
2023,78814,,Math,40,*
2023,79174,,ELA,25,*
2023,79174,,Math,25,*
2023,80026,,ELA,28,*
2023,80026,,Math,29,*
2023,89440,,ELA,13,*
2023,89440,,Math,13,*
2023,89827,,ELA,80,*
2023,89827,,Math,88,*
2023,1001731,,ELA,33,*
2023,1001731,,Math,33,*
2023,5530,,ELA,15,*
2023,5530,,Math,16,*
2023,90208,,ELA,*,*
2023,90208,,Math,*,*
2023,1001762,,ELA,*,*
2023,1001762,,Math,*,*
2023,79579,,ELA,57,*
2023,79579,,Math,58,*
2023,5071,,ELA,*,*
2023,5071,,Math,*,*
2023,5105,,ELA,418,53
2023,5105,,Math,428,46
2023,5106,,ELA,430,72
2023,5106,,Math,436,57
2023,5107,,ELA,348,31
2023,5107,,Math,360,18
2023,5108,,ELA,*,51
2023,5108,,Math,*,40
2023,79268,,ELA,626,72
2023,79268,,Math,631,64
2023,90782,,ELA,61,36
2023,90782,,Math,62,23
2023,92611,,ELA,*,18
2023,92611,,Math,*,11
2023,89828,,ELA,225,61
2023,89828,,Math,226,43
2023,850102,,ELA,22,*
2023,850102,,Math,23,*
2023,5013,,ELA,363,32
2023,5013,,Math,378,23
2023,5014,,ELA,*,45
2023,5014,,Math,*,34
2023,5015,,ELA,*,44
2023,5015,,Math,*,34
2023,5016,,ELA,471,51
2023,5016,,Math,474,43
2023,5017,,ELA,446,54
2023,5017,,Math,456,48
2023,6231,,ELA,43,*
2023,6231,,Math,45,*
2023,81207,,ELA,22,55
2023,81207,,Math,22,*
2023,85835,,ELA,*,31
2023,85835,,Math,*,26
2023,87520,,ELA,*,57
2023,87520,,Math,*,45
2023,10814,,ELA,11,*
2023,10814,,Math,11,*
2023,5436,,ELA,387,10
2023,5436,,Math,417,8
2023,5437,,ELA,611,14
2023,5437,,Math,635,13
2023,5438,,ELA,454,17
2023,5438,,Math,469,9
2023,5439,,ELA,360,20
2023,5439,,Math,371,12
2023,5440,,ELA,451,12
2023,5440,,Math,466,8
2023,5441,,ELA,549,12
2023,5441,,Math,593,8
2023,5442,,ELA,417,18
2023,5442,,Math,431,12
2023,5443,,ELA,420,13
2023,5443,,Math,437,8
2023,6248,,ELA,484,33
2023,6248,,Math,491,24
2023,6249,,ELA,79,*
2023,6249,,Math,83,*
2023,78847,,ELA,549,17
2023,78847,,Math,569,11
2023,79617,,ELA,39,*
2023,79617,,Math,39,*
2023,88407,,ELA,104,80
2023,88407,,Math,104,63
2023,89571,,ELA,358,25
2023,89571,,Math,371,22
2023,89778,,ELA,86,34
2023,89778,,Math,86,28
2023,128903,,ELA,50,26
2023,128903,,Math,50,*
2023,221992,,ELA,64,64
2023,221992,,Math,64,50
2023,875776,,ELA,301,14
2023,875776,,Math,307,5
2023,1001158,,ELA,20,*
2023,1001158,,Math,21,*
2023,87335,,ELA,*,*
2023,87335,,Math,*,*
2023,91213,,ELA,*,*
2023,91213,,Math,*,*
2023,5463,,ELA,*,*
2023,5463,,Math,*,*
2023,81180,,ELA,35,*
2023,81180,,Math,36,*
2023,289884,,ELA,*,*
2023,289884,,Math,*,*
2023,79456,,ELA,61,38
2023,79456,,Math,61,22
2023,79570,,ELA,33,*
2023,79570,,Math,36,*
2023,5141,,ELA,513,59
2023,5141,,Math,520,51
2023,92628,,ELA,75,34
2023,92628,,Math,76,*
2023,1000117,,ELA,273,66
2023,1000117,,Math,275,58
2023,5467,,ELA,47,51
2023,5467,,Math,47,32
2023,79952,,ELA,15,*
2023,79952,,Math,15,*
2023,85819,,ELA,205,19
2023,85819,,Math,209,16
2023,90159,,ELA,21,*
2023,90159,,Math,21,*
2023,89799,,ELA,43,28
2023,89799,,Math,44,*
2023,89757,,ELA,71,93
2023,89757,,Math,71,86
2023,5066,,ELA,351,60
2023,5066,,Math,353,43
2023,5067,,ELA,153,31
2023,5067,,Math,157,26
2023,5068,,ELA,343,59
2023,5068,,Math,348,55
2023,5069,,ELA,458,66
2023,5069,,Math,467,61
2023,5070,,ELA,437,75
2023,5070,,Math,440,67
2023,91286,,ELA,*,*
2023,91286,,Math,*,*
2023,89941,,ELA,28,*
2023,89941,,Math,30,*
2023,79092,,ELA,50,*
2023,79092,,Math,52,*
2023,92044,,ELA,46,*
2023,92044,,Math,49,*
2023,5549,,ELA,52,88
2023,5549,,Math,52,71
2023,5444,,ELA,330,30
2023,5444,,Math,335,24
2023,5445,,ELA,378,42
2023,5445,,Math,387,38
2023,5446,,ELA,310,34
2023,5446,,Math,321,21
2023,5447,,ELA,646,68
2023,5447,,Math,650,59
2023,5448,,ELA,388,45
2023,5448,,Math,395,28
2023,5449,,ELA,668,74
2023,5449,,Math,671,64
2023,87990,,ELA,551,47
2023,87990,,Math,558,33
2023,91825,,ELA,194,54
2023,91825,,Math,195,42
2023,1000047,,ELA,*,*
2023,1000047,,Math,*,*
2023,5452,,ELA,512,22
2023,5452,,Math,532,22
2023,5453,,ELA,393,24
2023,5453,,Math,408,18
2023,80051,,ELA,387,19
2023,80051,,Math,403,21
2023,85810,,ELA,484,19
2023,85810,,Math,501,19
2023,89908,,ELA,407,17
2023,89908,,Math,427,12
2023,90085,,ELA,679,32
2023,90085,,Math,698,32
2023,90551,,ELA,73,89
2023,90551,,Math,73,73
2023,91156,,ELA,95,57
2023,91156,,Math,95,52
2023,79958,,ELA,*,*
2023,79958,,Math,*,*
2023,1000304,,ELA,18,67
2023,1000304,,Math,18,*
2023,80994,,ELA,82,79
2023,80994,,Math,82,71
2023,92619,,ELA,80,14
2023,92619,,Math,80,*
2023,4987,,ELA,96,27
2023,4987,,Math,98,25
2023,91264,,ELA,16,*
2023,91264,,Math,17,*
2023,85541,,ELA,24,*
2023,85541,,Math,24,*
2023,5567,,ELA,28,60
2023,5567,,Math,28,50
2023,5592,,ELA,248,27
2023,5592,,Math,259,15
2023,5593,,ELA,83,36
2023,5593,,Math,92,24
2023,90858,,ELA,31,*
2023,90858,,Math,35,*
2023,79373,,ELA,75,49
2023,79373,,Math,75,29
2023,5595,,ELA,163,26
2023,5595,,Math,175,10
2023,91772,,ELA,233,45
2023,91772,,Math,234,33
2023,1001750,,ELA,42,*
2023,1001750,,Math,47,*
2023,5565,,ELA,343,43
2023,5565,,Math,349,32
2023,85839,,ELA,71,18
2023,85839,,Math,76,16
2023,85821,,ELA,*,*
2023,85821,,Math,11,*
2023,79510,,ELA,64,36
2023,79510,,Math,64,25
2023,78857,,ELA,*,*
2023,78857,,Math,*,*
2023,5648,,ELA,147,37
2023,5648,,Math,154,29
2023,5652,,ELA,*,*
2023,5652,,Math,*,*
2023,5625,,ELA,34,38
2023,5625,,Math,34,*
2023,5610,,ELA,130,30
2023,5610,,Math,133,19
2023,5606,,ELA,22,68
2023,5606,,Math,22,50
2023,5644,,ELA,129,10
2023,5644,,Math,146,*
2023,7654,,ELA,*,*
2023,7654,,Math,*,*
2023,5613,,ELA,66,*
2023,5613,,Math,68,*
2023,5653,,ELA,19,*
2023,5653,,Math,20,*
2023,5632,,ELA,166,44
2023,5632,,Math,170,28
2023,79646,,ELA,*,*
2023,79646,,Math,*,*
2023,91203,,ELA,22,*
2023,91203,,Math,24,*
2023,5618,,ELA,171,54
2023,5618,,Math,174,41
2023,5637,,ELA,158,*
2023,5637,,Math,168,*
2023,5604,,ELA,146,12
2023,5604,,Math,149,15
2023,78898,,ELA,38,45
2023,78898,,Math,38,29
2023,6292,,ELA,25,*
2023,6292,,Math,26,*
2023,80996,,ELA,106,16
2023,80996,,Math,107,12
2023,5808,,ELA,397,57
2023,5808,,Math,399,56
2023,6055,,ELA,233,9
2023,6055,,Math,239,10
2023,79378,,ELA,364,47
2023,79378,,Math,366,44
2023,91755,,ELA,41,44
2023,91755,,Math,41,*
2023,78941,,ELA,*,*
2023,78941,,Math,*,*
2023,91766,,ELA,47,*
2023,91766,,Math,47,98
2023,5847,,ELA,48,*
2023,5847,,Math,56,*
2023,90822,,Math,*,*
2023,89872,,ELA,16,*
2023,89872,,Math,16,*
2023,85451,,ELA,45,46
2023,85451,,Math,47,*
2023,87412,,ELA,*,*
2023,87412,,Math,12,*
2023,80033,,ELA,19,*
2023,80033,,Math,20,*
2023,81030,,ELA,49,*
2023,81030,,Math,49,*
2023,605648,,ELA,*,*
2023,605648,,Math,11,*
2023,5839,,ELA,433,73
2023,5839,,Math,433,52
2023,1001672,,ELA,*,*
2023,1001672,,Math,*,*
2023,79468,,ELA,48,*
2023,79468,,Math,53,*
2023,79127,,ELA,52,52
2023,79127,,Math,53,53
2023,80974,,ELA,24,*
2023,80974,,Math,25,*
2023,90285,,ELA,20,*
2023,90285,,Math,21,*
2023,79442,,ELA,27,*
2023,79442,,Math,27,*
2023,1001926,,ELA,*,*
2023,1001926,,Math,*,*
2023,78836,,ELA,54,*
2023,78836,,Math,62,*
2023,5860,,ELA,27,*
2023,5860,,Math,28,*
2023,80928,,ELA,13,*
2023,80928,,Math,13,*
2023,5791,,ELA,351,41
2023,5791,,Math,356,35
2023,6054,,ELA,61,*
2023,6054,,Math,61,*
2023,91832,,ELA,24,*
2023,91832,,Math,25,*
2023,5872,,ELA,24,*
2023,5872,,Math,24,*
2023,91782,,ELA,*,*
2023,91782,,Math,*,*
2023,6350,,ELA,33,*
2023,6350,,Math,37,*
2023,5781,,ELA,491,39
2023,5781,,Math,509,32
2023,5782,,ELA,408,43
2023,5782,,Math,412,32
2023,6279,,ELA,62,*
2023,6279,,Math,67,*
2023,87083,,ELA,*,*
2023,87083,,Math,*,*
2023,10885,,ELA,45,*
2023,10885,,Math,52,*
2023,79899,,ELA,33,*
2023,79899,,Math,33,*
2023,1001732,,ELA,*,*
2023,1001732,,Math,*,*
2023,6057,,ELA,12,*
2023,6057,,Math,14,*
2023,1001696,,ELA,52,*
2023,1001696,,Math,56,*
2023,90907,,ELA,23,*
2023,90907,,Math,24,*
2023,79960,,ELA,17,*
2023,79960,,Math,21,*
2023,90998,,ELA,105,*
2023,90998,,Math,114,*
2023,5873,,ELA,25,*
2023,5873,,Math,28,*
2023,5876,,ELA,18,*
2023,5876,,Math,22,*
2023,5877,,ELA,36,*
2023,5877,,Math,39,*
2023,5878,,ELA,19,*
2023,5878,,Math,27,*
2023,5879,,ELA,26,*
2023,5879,,Math,31,*
2023,5880,,ELA,21,*
2023,5880,,Math,21,*
2023,79705,,ELA,259,37
2023,79705,,Math,272,18
2023,91830,,ELA,201,20
2023,91830,,Math,207,6
2023,5865,,ELA,15,74
2023,5865,,Math,15,*
2023,5843,,ELA,242,45
2023,5843,,Math,250,36
2023,90824,,ELA,244,29
2023,90824,,Math,248,27
2023,1001695,,ELA,16,*
2023,1001695,,Math,18,*
2023,79028,,ELA,15,*
2023,79028,,Math,15,*
2023,92518,,ELA,*,*
2023,92518,,Math,*,*
2023,79091,,ELA,21,*
2023,79091,,Math,21,*
2023,5826,,ELA,388,19
2023,5826,,Math,410,12
2023,5827,,ELA,432,19
2023,5827,,Math,448,7
2023,6288,,ELA,97,*
2023,6288,,Math,108,*
2023,91829,,ELA,*,*
2023,91829,,Math,*,*
2023,87466,,ELA,154,74
2023,87466,,Math,156,67
2023,79980,,ELA,*,*
2023,79980,,Math,*,*
2023,84297,,ELA,*,*
2023,84297,,Math,*,*
2023,90044,,ELA,*,*
2023,90044,,Math,*,*
2023,90045,,ELA,*,*
2023,90045,,Math,*,*
2023,5892,,ELA,*,*
2023,5892,,Math,*,*
2023,5756,,ELA,104,*
2023,5756,,Math,114,*
2023,5757,,ELA,315,11
2023,5757,,Math,337,6
2023,5758,,ELA,115,24
2023,5758,,Math,120,15
2023,5759,,ELA,325,17
2023,5759,,Math,348,10
2023,5760,,ELA,253,33
2023,5760,,Math,267,17
2023,5761,,ELA,207,40
2023,5761,,Math,215,29
2023,5762,,ELA,270,21
2023,5762,,Math,279,17
2023,5763,,ELA,74,*
2023,5763,,Math,81,*
2023,5764,,ELA,589,31
2023,5764,,Math,614,18
2023,5766,,ELA,270,*
2023,5766,,Math,272,96
2023,6264,,ELA,11,*
2023,6264,,Math,11,*
2023,6269,,Math,*,*
2023,6272,,ELA,*,*
2023,6272,,Math,*,*
2023,85924,,ELA,30,*
2023,85924,,Math,32,*
2023,1001156,,ELA,59,35
2023,1001156,,Math,61,*
2023,5861,,ELA,18,*
2023,5861,,Math,20,*
2023,90286,,ELA,12,*
2023,90286,,Math,12,*
2023,10855,,ELA,36,50
2023,10855,,Math,36,34
2023,79721,,ELA,434,57
2023,79721,,Math,444,44
2023,84665,,ELA,18,*
2023,84665,,Math,21,*
2023,87875,,ELA,196,72
2023,87875,,Math,199,61
2023,90845,,ELA,94,66
2023,90845,,Math,96,54
2023,91292,,ELA,105,53
2023,91292,,Math,111,53
2023,1000597,,ELA,296,54
2023,1000597,,Math,311,44
2023,1000972,,ELA,51,43
2023,1000972,,Math,52,27
2023,635758,,ELA,52,65
2023,635758,,Math,52,46
2023,6346,,ELA,43,*
2023,6346,,Math,51,*
2023,5925,,ELA,185,27
2023,5925,,Math,192,18
2023,5948,,ELA,394,25
2023,5948,,Math,402,19
2023,90084,,ELA,335,22
2023,90084,,Math,348,18
2023,1001708,,ELA,20,*
2023,1001708,,Math,21,*
2023,5916,,ELA,141,17
2023,5916,,Math,146,17
2023,92608,,ELA,61,*
2023,92608,,Math,62,*
2023,1001734,,ELA,12,*
2023,1001734,,Math,12,*
2023,5479,,ELA,43,44
2023,5479,,Math,43,42
2023,1001718,,ELA,*,*
2023,1001718,,Math,*,*
2023,5897,,ELA,154,22
2023,5897,,Math,159,15
2023,89907,,ELA,179,30
2023,89907,,Math,182,19
2023,90309,,ELA,323,32
2023,90309,,Math,330,19
2023,90781,,ELA,25,*
2023,90781,,Math,25,*
2023,92280,,ELA,44,*
2023,92280,,Math,55,*
2023,89859,,ELA,243,39
2023,89859,,Math,252,35
2023,1001141,,ELA,24,*
2023,1001141,,Math,24,*
2023,1001830,,ELA,12,*
2023,1001830,,Math,12,*
2023,5904,,ELA,54,*
2023,5904,,Math,56,*
2023,5910,,ELA,554,34
2023,5910,,Math,583,23
2023,1001089,,ELA,30,*
2023,1001089,,Math,30,*
2023,6067,,ELA,28,*
2023,6067,,Math,30,*
2023,10750,,ELA,*,*
2023,10750,,Math,*,*
2023,5900,,ELA,17,*
2023,5900,,Math,17,*
2023,5951,,ELA,72,*
2023,5951,,Math,72,*
2023,90415,,ELA,*,*
2023,90415,,Math,*,*
2023,5907,,ELA,19,*
2023,5907,,Math,20,*
2023,5961,,ELA,42,*
2023,5961,,Math,48,*
2023,5962,,ELA,322,36
2023,5962,,Math,326,20
2023,91269,,ELA,39,*
2023,91269,,Math,44,*
2023,5971,,ELA,21,*
2023,5971,,Math,21,*
2023,79621,,ELA,*,*
2023,79621,,Math,*,*
2023,5966,,ELA,319,24
2023,5966,,Math,324,15
2023,91132,,ELA,79,63
2023,91132,,Math,79,53
2023,6103,,ELA,17,*
2023,6103,,Math,17,*
2023,92321,,ELA,24,*
2023,92321,,Math,24,96
2023,6089,,ELA,26,*
2023,6089,,Math,27,*
2023,1001181,,ELA,*,*
2023,1001181,,Math,*,*
2023,6100,,ELA,93,29
2023,6100,,Math,96,27
2023,84659,,ELA,11,*
2023,84659,,Math,12,*
2023,1000257,,ELA,*,*
2023,1000257,,Math,*,*
2023,6110,,ELA,170,37
2023,6110,,Math,174,21
2023,88388,,ELA,25,72
2023,88388,,Math,25,*
2023,6123,,ELA,*,*
2023,6123,,Math,*,*
2023,6366,,ELA,*,*
2023,6366,,Math,*,*
2023,6097,,ELA,367,41
2023,6097,,Math,371,26
2023,87536,,ELA,15,*
2023,87536,,Math,15,*
2023,78821,,ELA,41,78
2023,78821,,Math,41,83
2023,6106,,ELA,36,*
2023,6106,,Math,38,*
2023,6127,,ELA,*,29
2023,6127,,Math,*,21
2023,79108,,ELA,23,*
2023,79108,,Math,28,*
2023,8135,,ELA,303,49
2023,8135,,Math,311,39
2023,1001973,,ELA,16,*
2023,1001973,,Math,20,*
2023,6085,,ELA,79,47
2023,6085,,Math,86,32
2023,6105,,ELA,11,*
2023,6105,,Math,11,*
2023,79380,,ELA,*,*
2023,79380,,Math,*,*
2023,91815,,ELA,11,*
2023,91815,,Math,11,*
2023,6188,,ELA,40,*
2023,6188,,Math,44,*
2023,89656,,ELA,*,*
2023,89656,,Math,*,*
2023,79513,,ELA,57,*
2023,79513,,Math,59,*
2023,6193,,ELA,17,*
2023,6193,,Math,18,*
2023,6189,,ELA,215,12
2023,6189,,Math,222,5
2023,6190,,ELA,497,19
2023,6190,,Math,517,10
2023,6191,,ELA,528,31
2023,6191,,Math,541,21
2023,6302,,ELA,44,*
2023,6302,,Math,48,*
2023,80409,,ELA,499,25
2023,80409,,Math,521,17
2023,89576,,ELA,493,39
2023,89576,,Math,504,19
2023,91316,,ELA,*,*
2023,91316,,Math,*,*
2024,4737,Chinle High School,ELA,156,18
2024,4737,Chinle High School,Math,159,16
2024,4728,Ganado High School,ELA,94,*
2024,4728,Ganado High School,Math,97,*
2024,4741,Red Mesa High School,ELA,36,*
2024,4741,Red Mesa High School,Math,37,*
2024,88386,Red Valley/Cove High School,ELA,*,*
2024,88386,Red Valley/Cove High School,Math,*,*
2024,4721,Round Valley High School,ELA,90,36
2024,4721,Round Valley High School,Math,93,29
2024,92686,Round Valley AOI,ELA,*,*
2024,92686,Round Valley AOI,Math,15,*
2024,4724,Valley High School,ELA,51,*
2024,4724,Valley High School,Math,52,*
2024,4711,St Johns High School,ELA,64,44
2024,4711,St Johns High School,Math,65,46
2024,89607,St. Johns Learning Center,ELA,*,*
2024,89607,St. Johns Learning Center,Math,*,*
2024,4717,Window Rock High School,ELA,118,27
2024,4717,Window Rock High School,Math,118,12
2024,4799,Benson High School,ELA,92,40
2024,4799,Benson High School,Math,93,38
2024,85879,Benson Digital Learning Center,ELA,27,*
2024,85879,Benson Digital Learning Center,Math,27,*
2024,90775,Benson Digital Learning Center Online,ELA,*,*
2024,90775,Benson Digital Learning Center Online,Math,*,*
2024,4754,Bisbee High School,ELA,74,19
2024,4754,Bisbee High School,Math,77,*
2024,1000301,Copper Credits,ELA,*,*
2024,1000301,Copper Credits,Math,*,*
2024,4759,Bowie High School,ELA,*,*
2024,4759,Bowie High School,Math,*,*
2024,4801,Center for Academic Success #1 - Sierra Vista 9-12,ELA,34,*
2024,4801,Center for Academic Success #1 - Sierra Vista 9-12,Math,35,*
2024,4802,Center for Academic Success #2 - Douglas 9-12,ELA,38,*
2024,4802,Center for Academic Success #2 - Douglas 9-12,Math,38,29
2024,81028,Berean Academy,ELA,24,*
2024,81028,Berean Academy,Math,25,*
2024,1001688,New Crossroads Academy,ELA,20,*
2024,1001688,New Crossroads Academy,Math,20,*
2024,4773,Douglas High School,ELA,276,31
2024,4773,Douglas High School,Math,280,23
2024,79505,Omega Alpha Academy School,ELA,12,*
2024,79505,Omega Alpha Academy School,Math,12,*
2024,4760,San Simon School,ELA,*,*
2024,4760,San Simon School,Math,*,*
2024,4783,Buena High School,ELA,403,50
2024,4783,Buena High School,Math,409,33
2024,1001827,SVUSD AOI,ELA,*,*
2024,1001827,SVUSD AOI,Math,*,*
2024,4762,St David High School,ELA,30,44
2024,4762,St David High School,Math,29,*
2024,4751,Tombstone High School,ELA,127,50
2024,4751,Tombstone High School,Math,129,30
2024,4800,Valley Union High School,ELA,12,*
2024,4800,Valley Union High School,Math,12,*
2024,4757,Willcox High School,ELA,95,45
2024,4757,Willcox High School,Math,95,29
2024,90863,BASIS Flagstaff,ELA,33,*
2024,90863,BASIS Flagstaff,Math,33,97
2024,81127,Tse'yaato' High School,ELA,*,*
2024,81127,Tse'yaato' High School,Math,*,*
2024,85842,Ponderosa High School,ELA,11,*
2024,85842,Ponderosa High School,Math,13,*
2024,1001242,CCASD Online Instruction,ELA,*,*
2024,1001242,CCASD Online Instruction,Math,*,*
2024,4842,Flagstaff Arts And Leadership Academy,ELA,37,54
2024,4842,Flagstaff Arts And Leadership Academy,Math,37,38
2024,4803,Summit High School,ELA,12,*
2024,4803,Summit High School,Math,17,*
2024,4819,Flagstaff High School,ELA,387,44
2024,4819,Flagstaff High School,Math,391,30
2024,4820,Coconino High School,ELA,331,32
2024,4820,Coconino High School,Math,337,20
2024,230656,Northern Arizona Distance Learning,ELA,*,*
2024,230656,Northern Arizona Distance Learning,Math,*,*
2024,4828,Fredonia High School,ELA,12,*
2024,4828,Fredonia High School,Math,13,*
2024,4825,Grand Canyon High School,ELA,15,*
2024,4825,Grand Canyon High School,Math,15,*
2024,4845,Northland Preparatory Academy,ELA,64,72
2024,4845,Northland Preparatory Academy,Math,64,64
2024,4832,Page High School,ELA,162,17
2024,4832,Page High School,Math,164,12
2024,92913,Manson Mesa High School,ELA,11,*
2024,92913,Manson Mesa High School,Math,12,*
2024,1001183,Sage & Sand Academy,ELA,*,*
2024,1001183,Sage & Sand Academy,Math,*,*
2024,4838,Tuba City High School,ELA,146,14
2024,4838,Tuba City High School,Math,147,12
2024,78916,Nizhoni Accelerated Academy,ELA,*,*
2024,78916,Nizhoni Accelerated Academy,Math,*,*
2024,4823,Williams High School,ELA,50,28
2024,4823,Williams High School,Math,50,*
2024,90038,Biyaagozhoo Center,ELA,*,*
2024,90038,Biyaagozhoo Center,Math,*,*
2024,4855,Globe High School,ELA,87,27
2024,4855,Globe High School,Math,91,*
2024,1001828,Tiger Knowledge Online (TKO),ELA,*,*
2024,1001828,Tiger Knowledge Online (TKO),Math,*,*
2024,4873,Hayden High School,ELA,16,*
2024,4873,Hayden High School,Math,16,*
2024,4878,Liberty High School,ELA,17,*
2024,4878,Liberty High School,Math,17,*
2024,4869,Miami Junior Senior High School,ELA,64,*
2024,4869,Miami Junior Senior High School,Math,67,*
2024,4860,Payson High School,ELA,147,25
2024,4860,Payson High School,Math,151,19
2024,4863,San Carlos High School,ELA,84,*
2024,4863,San Carlos High School,Math,91,*
2024,89776,San Carlos Alternative High School,ELA,*,*
2024,89776,San Carlos Alternative High School,Math,*,*
2024,4893,Fort Thomas High School,ELA,36,*
2024,4893,Fort Thomas High School,Math,36,*
2024,90064,Mt. Turnbull Academy,ELA,*,*
2024,90064,Mt. Turnbull Academy,Math,*,*
2024,4891,Pima High School,ELA,66,38
2024,4891,Pima High School,Math,68,47
2024,92296,Gila Valley Learning Center,ELA,*,*
2024,92296,Gila Valley Learning Center,Math,*,*
2024,4884,Safford High School,ELA,172,32
2024,4884,Safford High School,Math,176,29
2024,4885,Mt Graham High School,ELA,29,*
2024,4885,Mt Graham High School,Math,30,*
2024,4889,Thatcher High School,ELA,122,51
2024,4889,Thatcher High School,Math,123,41
2024,1001768,Eagle Online Academy,ELA,18,*
2024,1001768,Eagle Online Academy,Math,19,*
2024,4908,Blue Elementary School,ELA,*,*
2024,4908,Blue Elementary School,Math,*,*
2024,4903,Duncan High School,ELA,19,*
2024,4903,Duncan High School,Math,19,*
2024,4906,Morenci High School,ELA,75,32
2024,4906,Morenci High School,Math,77,18
2024,6203,Salome High School,ELA,27,*
2024,6203,Salome High School,Math,28,*
2024,6197,Parker High School,ELA,97,21
2024,6197,Parker High School,Math,101,15
2024,80408,Parker Alternative School,ELA,*,*
2024,80408,Parker Alternative School,Math,*,*
2024,79123,Career and College Prep,ELA,12,*
2024,79123,Career and College Prep,Math,15,*
2024,742847,RCB College Preparatory Academy,ELA,*,*
2024,742847,RCB College Preparatory Academy,Math,*,*
2024,91304,ASU Preparatory Academy- Phoenix High School,ELA,78,20
2024,91304,ASU Preparatory Academy- Phoenix High School,Math,79,22
2024,91306,ASU Preparatory Academy-Polytechnic High School,ELA,88,78
2024,91306,ASU Preparatory Academy-Polytechnic High School,Math,89,61
2024,92248,ASU Preparatory Academy - South Phoenix High School,ELA,36,*
2024,92248,ASU Preparatory Academy - South Phoenix High School,Math,37,*
2024,860177,ASU Preparatory Academy Digital,ELA,418,68
2024,860177,ASU Preparatory Academy Digital,Math,420,43
2024,89870,AZ Compass Prep School,ELA,38,*
2024,89870,AZ Compass Prep School,Math,39,*
2024,10795,Academy with Community Partners,ELA,48,*
2024,10795,Academy with Community Partners,Math,51,*
2024,5462,Accelerated Learning Center,ELA,36,*
2024,5462,Accelerated Learning Center,Math,36,*
2024,5454,Agua Fria High School,ELA,361,22
2024,5454,Agua Fria High School,Math,367,16
2024,78926,Millennium High School,ELA,554,49
2024,78926,Millennium High School,Math,559,36
2024,79799,Desert Edge High School,ELA,481,29
2024,79799,Desert Edge High School,Math,496,15
2024,87903,Verrado High School,ELA,481,40
2024,87903,Verrado High School,Math,489,32
2024,932049,Canyon View High School,ELA,477,41
2024,932049,Canyon View High School,Math,483,33
2024,78813,Crestview College Preparatory High School,ELA,62,*
2024,78813,Crestview College Preparatory High School,Math,68,*
2024,78901,Desert Hills High School,ELA,53,*
2024,78901,Desert Hills High School,Math,53,*
2024,78900,Estrella High School,ELA,25,*
2024,78900,Estrella High School,Math,26,*
2024,78817,Peoria Accelerated High School,ELA,140,9
2024,78817,Peoria Accelerated High School,Math,147,*
2024,80990,South Pointe High School,ELA,161,10
2024,80990,South Pointe High School,Math,172,7
2024,88335,South Ridge High School,ELA,111,34
2024,88335,South Ridge High School,Math,114,19
2024,6347,Sun Valley High School,ELA,75,*
2024,6347,Sun Valley High School,Math,78,*
2024,6348,West Phoenix High School,ELA,96,*
2024,6348,West Phoenix High School,Math,98,*
2024,1001427,Ridgeview College Preparatory High School,ELA,57,46
2024,1001427,Ridgeview College Preparatory High School,Math,57,26
2024,90769,"American Leadership Academy, Queen Creek K-12",ELA,271,54
2024,90769,"American Leadership Academy, Queen Creek K-12",Math,275,47
2024,92348,"American Leadership Academy, Anthem K-6",ELA,47,38
2024,92348,"American Leadership Academy, Anthem K-6",Math,48,27
2024,92885,"American Leadership Academy, Ironwood K12",ELA,205,48
2024,92885,"American Leadership Academy, Ironwood K12",Math,209,37
2024,509281,"American Leadership Academy, Gilbert North K-12",ELA,259,59
2024,509281,"American Leadership Academy, Gilbert North K-12",Math,264,52
2024,1001506,AMERICAN LEADERSHIP ACADEMY VIRTUAL ,ELA,183,39
2024,1001506,AMERICAN LEADERSHIP ACADEMY VIRTUAL ,Math,190,33
2024,1001509,"American Leadership Academy, West Foothills K-12",ELA,98,65
2024,1001509,"American Leadership Academy, West Foothills K-12",Math,99,56
2024,1001761,American Leadership Academy of Applied Technologies,ELA,88,37
2024,1001761,American Leadership Academy of Applied Technologies,Math,91,40
2024,81178,Primavera - Online,ELA,1107,28
2024,81178,Primavera - Online,Math,1141,14
2024,90635,Great Hearts Academies - Anthem Prep,ELA,47,78
2024,90635,Great Hearts Academies - Anthem Prep,Math,47,70
2024,89487,Great Hearts Academies - Arete Prep,ELA,50,80
2024,89487,Great Hearts Academies - Arete Prep,Math,53,77
2024,156568,"Arizona Agribusiness & Equine Center, Inc. - Mesa",ELA,26,*
2024,156568,"Arizona Agribusiness & Equine Center, Inc. - Mesa",Math,27,*
2024,1001738,AAEC Online,ELA,16,75
2024,1001738,AAEC Online,Math,18,*
2024,6344,AAEC - Paradise Valley,ELA,80,74
2024,6344,AAEC - Paradise Valley,Math,80,65
2024,5503,AAEC - SMCC Campus,ELA,103,42
2024,5503,AAEC - SMCC Campus,Math,104,14
2024,90780,Arizona Agribusiness & Equine Center - Estrella,ELA,98,75
2024,90780,Arizona Agribusiness & Equine Center - Estrella,Math,99,63
2024,92984,"Arizona Autism Charter School, Upper School Campus",ELA,14,*
2024,92984,"Arizona Autism Charter School, Upper School Campus",Math,19,*
2024,1001693,Arizona Autism Charter - Online High School,ELA,15,*
2024,1001693,Arizona Autism Charter - Online High School,Math,16,*
2024,1002081,Arizona Autism Charter School -Tucson Upper School Campus,ELA,*,*
2024,1002081,Arizona Autism Charter School -Tucson Upper School Campus,Math,*,*
2024,5520,City View High School ,ELA,12,*
2024,5520,City View High School ,Math,13,*
2024,81179,Arizona Connections Academy,ELA,214,34
2024,81179,Arizona Connections Academy,Math,220,16
2024,91184, Virtual School of Arizona,ELA,38,*
2024,91184, Virtual School of Arizona,Math,39,*
2024,91246,State Online School,ELA,150,14
2024,91246,State Online School,Math,151,*
2024,5519,Arizona School For The Arts,ELA,69,77
2024,5519,Arizona School For The Arts,Math,69,62
2024,6395,ASDB - Phoenix Day School for the Deaf,ELA,*,*
2024,6395,ASDB - Phoenix Day School for the Deaf,Math,15,*
2024,80006,Precision Academy,ELA,13,*
2024,80006,Precision Academy,Math,13,*
2024,81079,BASIS Scottsdale,ELA,72,*
2024,81079,BASIS Scottsdale,Math,72,*
2024,90509,BASIS Oro Valley,ELA,56,*
2024,90509,BASIS Oro Valley,Math,56,98
2024,91055,BASIS Peoria,ELA,55,98
2024,91055,BASIS Peoria,Math,55,98
2024,91056,BASIS Chandler,ELA,93,*
2024,91056,BASIS Chandler,Math,93,*
2024,91343,BASIS Phoenix,ELA,67,97
2024,91343,BASIS Phoenix,Math,67,98
2024,92030,BASIS Ahwatukee,ELA,47,98
2024,92030,BASIS Ahwatukee,Math,47,96
2024,91997,BASIS Mesa,ELA,32,*
2024,91997,BASIS Mesa,Math,32,*
2024,92735,BASIS Goodyear,ELA,13,*
2024,92735,BASIS Goodyear,Math,13,*
2024,92270,Benjamin Franklin High School,ELA,161,75
2024,92270,Benjamin Franklin High School,Math,162,69
2024,81042,Hope High School,ELA,42,*
2024,81042,Hope High School,Math,43,*
2024,81182,Hope High School Online,ELA,120,23
2024,81182,Hope High School Online,Math,125,9
2024,5424,Buckeye Union High School,ELA,438,26
2024,5424,Buckeye Union High School,Math,445,23
2024,79376,Estrella Foothills High School,ELA,326,42
2024,79376,Estrella Foothills High School,Math,333,40
2024,89573,Youngker High School,ELA,480,36
2024,89573,Youngker High School,Math,496,26
2024,91826,BUHSD Institute of Online Learning,ELA,76,22
2024,91826,BUHSD Institute of Online Learning,Math,77,21
2024,88289,Learning Foundation and Performing Arts Gilbert,ELA,37,30
2024,88289,Learning Foundation and Performing Arts Gilbert,Math,37,*
2024,5466,Girls Leadership Academy of Arizona,ELA,18,*
2024,5466,Girls Leadership Academy of Arizona,Math,18,*
2024,79129,Tech Campus,ELA,26,*
2024,79129,Tech Campus,Math,28,*
2024,80025,Career Success Schools - STEM Academy 7-12,ELA,19,*
2024,80025,Career Success Schools - STEM Academy 7-12,Math,21,*
2024,80430,Robert L. Duffy High School,ELA,17,*
2024,80430,Robert L. Duffy High School,Math,17,*
2024,5137,Cactus Shadows High School,ELA,370,66
2024,5137,Cactus Shadows High School,Math,374,53
2024,1001171,Cave Creek Academy of Excellence,ELA,*,*
2024,1001171,Cave Creek Academy of Excellence,Math,*,*
2024,88300,Great Hearts Academies - Chandler Prep,ELA,79,82
2024,88300,Great Hearts Academies - Chandler Prep,Math,79,83
2024,5127,Chandler High School,ELA,765,43
2024,5127,Chandler High School,Math,782,30
2024,6015,Hamilton High School,ELA,856,65
2024,6015,Hamilton High School,Math,861,55
2024,79633,Basha High School,ELA,612,68
2024,79633,Basha High School,Math,614,67
2024,89591,Arizona College Prep High School,ELA,511,81
2024,89591,Arizona College Prep High School,Math,511,81
2024,89613,Perry High School,ELA,650,71
2024,89613,Perry High School,Math,652,66
2024,91282,Chandler Online Academy,ELA,212,58
2024,91282,Chandler Online Academy,Math,214,48
2024,92892,Dr. Camille Casteel High School,ELA,501,65
2024,92892,Dr. Camille Casteel High School,Math,504,61
2024,92636,Jefferson Preparatory High School,ELA,*,*
2024,92636,Jefferson Preparatory High School,Math,*,*
2024,10801,Westland School,ELA,*,*
2024,10801,Westland School,Math,*,*
2024,92637,Westland School Brighton Campus,ELA,20,*
2024,92637,Westland School Brighton Campus,Math,20,*
2024,92317,Great Hearts Academies - Cicero Prep,ELA,48,56
2024,92317,Great Hearts Academies - Cicero Prep,Math,48,50
2024,79099,Cornerstone Charter School,ELA,37,*
2024,79099,Cornerstone Charter School,Math,37,*
2024,79102,Country Gardens Charter School,ELA,*,*
2024,79102,Country Gardens Charter School,Math,*,*
2024,89918,Paragon Science Academy,ELA,37,44
2024,89918,Paragon Science Academy,Math,38,47
2024,79506,Deer Valley Academy,ELA,*,*
2024,79506,Deer Valley Academy,Math,*,*
2024,5161,Deer Valley High School,ELA,*,32
2024,5161,Deer Valley High School,Math,*,26
2024,5162,Barry Goldwater High School,ELA,358,37
2024,5162,Barry Goldwater High School,Math,374,26
2024,5163,Mountain Ridge High School,ELA,*,60
2024,5163,Mountain Ridge High School,Math,*,52
2024,79414,"Aspire, Deer Valley's Online Academy",ELA,67,46
2024,79414,"Aspire, Deer Valley's Online Academy",Math,67,35
2024,80317,Sandra Day O'Connor High School,ELA,616,68
2024,80317,Sandra Day O'Connor High School,Math,620,57
2024,85850,Boulder Creek High School,ELA,575,54
2024,85850,Boulder Creek High School,Math,583,39
2024,92525,Vista Peak,ELA,*,*
2024,92525,Vista Peak,Math,*,*
2024,78950,Desert Heights Charter School,ELA,53,56
2024,78950,Desert Heights Charter School,Math,53,47
2024,5133,Dysart High School,ELA,325,39
2024,5133,Dysart High School,Math,333,30
2024,81113,Willow Canyon High School,ELA,441,47
2024,81113,Willow Canyon High School,Math,451,38
2024,88417,Valley Vista High School,ELA,537,40
2024,88417,Valley Vista High School,Math,553,33
2024,90134,Shadow Ridge High School,ELA,526,60
2024,90134,Shadow Ridge High School,Math,534,46
2024,85750,AMCS at Anthem dba Caurus Academy,ELA,11,*
2024,85750,AMCS at Anthem dba Caurus Academy,Math,13,*
2024,5500,Sequoia Choice School Arizona Distance Learning School,ELA,157,26
2024,5500,Sequoia Choice School Arizona Distance Learning School,Math,174,13
2024,90322,Sequoia Pathfinder Academy at Verrado Way and I-10,ELA,24,*
2024,90322,Sequoia Pathfinder Academy at Verrado Way and I-10,Math,27,*
2024,90377,Sequoia Pathway Academy,ELA,47,*
2024,90377,Sequoia Pathway Academy,Math,47,*
2024,79219,"Edkey, Inc. - Sequoia Deaf School",ELA,*,*
2024,79219,"Edkey, Inc. - Sequoia Deaf School",Math,*,*
2024,10848,Sequoia Village School,ELA,17,*
2024,10848,Sequoia Village School,Math,17,*
2024,90349,Arizona Conservatory for Arts and Academics,ELA,34,47
2024,90349,Arizona Conservatory for Arts and Academics,Math,34,36
2024,79697,Sequoia Charter School,ELA,37,*
2024,79697,Sequoia Charter School,Math,40,*
2024,90202,EdOptions Preparatory Academy,ELA,*,*
2024,90202,EdOptions Preparatory Academy,Math,*,*
2024,90844,EdOptions HS Learning Center,ELA,112,11
2024,90844,EdOptions HS Learning Center,Math,122,*
2024,92975,Empower College Prep High School,ELA,74,*
2024,92975,Empower College Prep High School,Math,79,*
2024,5507,NFL YET College Prep Academy,ELA,53,28
2024,5507,NFL YET College Prep Academy,Math,54,24
2024,181823,Maricopa Institute of Technology,ELA,90,65
2024,181823,Maricopa Institute of Technology,Math,90,44
2024,1002231,MIT STEM2 Online High School,ELA,*,*
2024,1002231,MIT STEM2 Online High School,Math,*,*
2024,5167,Fountain Hills High School,ELA,85,27
2024,5167,Fountain Hills High School,Math,88,34
2024,90932,Fountain Hills Virtual Academy,ELA,15,*
2024,90932,Fountain Hills Virtual Academy,Math,15,*
2024,1000980,Freedom Prep Academy - Mesa,ELA,19,*
2024,1000980,Freedom Prep Academy - Mesa,Math,20,*
2024,79022,Student Choice High School,ELA,314,*
2024,79022,Student Choice High School,Math,326,*
2024,90737,Student Choice High School,ELA,43,*
2024,90737,Student Choice High School,Math,45,*
2024,1002106,Student Choice High School - Maricopa,ELA,*,*
2024,1002106,Student Choice High School - Maricopa,Math,*,*
2024,1002107,Student Choice High School - Yuma,ELA,*,*
2024,1002107,Student Choice High School - Yuma,Math,*,*
2024,5504,Genesis Academy,ELA,*,*
2024,5504,Genesis Academy,Math,*,*
2024,5019,Gila Bend High School,ELA,38,*
2024,5019,Gila Bend High School,Math,48,*
2024,5039,Gilbert High School,ELA,558,44
2024,5039,Gilbert High School,Math,573,38
2024,5040,Highland High School,ELA,*,57
2024,5040,Highland High School,Math,*,53
2024,6007,Mesquite High School,ELA,322,43
2024,6007,Mesquite High School,Math,329,31
2024,79823,Desert Ridge High,ELA,*,54
2024,79823,Desert Ridge High,Math,*,34
2024,89606,Gilbert Classical Academy 7-12,ELA,87,*
2024,89606,Gilbert Classical Academy 7-12,Math,88,98
2024,90124,Campo Verde High School,ELA,*,61
2024,90124,Campo Verde High School,Math,*,57
2024,91209,GPS Global Academy,ELA,142,55
2024,91209,GPS Global Academy,Math,146,38
2024,89830,Great Hearts Academies - Glendale Prep,ELA,69,95
2024,89830,Great Hearts Academies - Glendale Prep,Math,69,78
2024,5426,Glendale High School,ELA,382,23
2024,5426,Glendale High School,Math,385,19
2024,5427,Sunnyslope High School,ELA,520,55
2024,5427,Sunnyslope High School,Math,524,47
2024,5428,Washington High School,ELA,368,36
2024,5428,Washington High School,Math,372,29
2024,5429,Cortez High School,ELA,232,29
2024,5429,Cortez High School,Math,233,23
2024,5430,Moon Valley High School,ELA,345,36
2024,5430,Moon Valley High School,Math,345,30
2024,5431,Apollo High School,ELA,488,37
2024,5431,Apollo High School,Math,491,28
2024,5432,Thunderbird High School,ELA,381,54
2024,5432,Thunderbird High School,Math,381,43
2024,5433,Greenway High School,ELA,278,48
2024,5433,Greenway High School,Math,279,37
2024,5434,Independence High School,ELA,434,35
2024,5434,Independence High School,Math,436,29
2024,5435,Glendale Union High School District Online Learning Academy,ELA,112,*
2024,5435,Glendale Union High School District Online Learning Academy,Math,116,*
2024,794564,Glendale Union Online,ELA,98,17
2024,794564,Glendale Union Online,Math,99,*
2024,92522,Heritage Academy Gateway,ELA,126,80
2024,92522,Heritage Academy Gateway,Math,126,63
2024,92521,Heritage Academy Laveen,ELA,107,49
2024,92521,Heritage Academy Laveen,Math,107,42
2024,1002105,Heritage Academy Pointe,ELA,20,*
2024,1002105,Heritage Academy Pointe,Math,21,*
2024,5509,Heritage Academy,ELA,116,87
2024,5509,Heritage Academy,Math,117,66
2024,703390,Highland Prep,ELA,117,46
2024,703390,Highland Prep,Math,117,54
2024,79374,Higley High School,ELA,527,61
2024,79374,Higley High School,Math,535,58
2024,89581,Williams Field High School,ELA,483,60
2024,89581,Williams Field High School,Math,489,46
2024,1001176,Higley Virtual Academy,ELA,56,43
2024,1001176,Higley Virtual Academy,Math,56,38
2024,78809,Horizon Honors Secondary School,ELA,98,69
2024,78809,Horizon Honors Secondary School,Math,98,64
2024,79042,International Commerce High School - Tempe,ELA,103,*
2024,79042,International Commerce High School - Tempe,Math,109,*
2024,81181,Humanities and Sciences Academy Arizona,ELA,*,*
2024,81181,Humanities and Sciences Academy Arizona,Math,*,*
2024,1001879,International Commerce High School MCG,ELA,*,*
2024,1001879,International Commerce High School MCG,Math,*,*
2024,90035,Imagine Prep Coolidge,ELA,56,*
2024,90035,Imagine Prep Coolidge,Math,57,*
2024,89789,Imagine Prep Superstition,ELA,61,44
2024,89789,Imagine Prep Superstition,Math,62,21
2024,89791,Imagine Prep Surprise,ELA,63,31
2024,89791,Imagine Prep Surprise,Math,63,27
2024,10746,Intelli-School - Paradise Valley,ELA,14,*
2024,10746,Intelli-School - Paradise Valley,Math,14,*
2024,1001763,IntelliSchool Online,ELA,*,*
2024,1001763,IntelliSchool Online,Math,*,*
2024,88232,International Commerce High School - Phoenix,ELA,47,*
2024,88232,International Commerce High School - Phoenix,Math,49,*
2024,79113,James Madison Preparatory School,ELA,17,76
2024,79113,James Madison Preparatory School,Math,17,*
2024,79476,Crown Point High School,ELA,12,*
2024,79476,Crown Point High School,Math,12,*
2024,78899,Kaizen Education Foundation dba El Dorado High School,ELA,57,*
2024,78899,Kaizen Education Foundation dba El Dorado High School,Math,59,*
2024,92246,Glenview College Preparatory High School,ELA,111,56
2024,92246,Glenview College Preparatory High School,Math,111,34
2024,10748,Kaizen Education Foundation dba Maya High School,ELA,83,*
2024,10748,Kaizen Education Foundation dba Maya High School,Math,95,*
2024,91158,Mission Heights Preparatory High School,ELA,108,54
2024,91158,Mission Heights Preparatory High School,Math,110,36
2024,1001670,Leona Connected High School,ELA,74,*
2024,1001670,Leona Connected High School,Math,79,*
2024,10749,Kaizen Education Foundation dba Summit High School,ELA,48,*
2024,10749,Kaizen Education Foundation dba Summit High School,Math,51,*
2024,6349,Kaizen Education Foundation dba Quest High School,ELA,15,*
2024,6349,Kaizen Education Foundation dba Quest High School,Math,15,*
2024,79111,Valley Preparatory Academy,ELA,*,*
2024,79111,Valley Preparatory Academy,Math,*,*
2024,87416,Leading Edge Academy Gilbert Early College,ELA,49,32
2024,87416,Leading Edge Academy Gilbert Early College,Math,51,26
2024,91597,Leading Edge Academy Online,ELA,20,*
2024,91597,Leading Edge Academy Online,Math,20,*
2024,87350,East Valley High School,ELA,48,*
2024,87350,East Valley High School,Math,48,*
2024,92732,Great Hearts Academies - Lincoln Prep,ELA,44,75
2024,92732,Great Hearts Academies - Lincoln Prep,Math,45,75
2024,81175,Phoenix College Preparatory Academy,ELA,59,41
2024,81175,Phoenix College Preparatory Academy,Math,59,36
2024,92605,Madison Highland Prep,ELA,112,44
2024,92605,Madison Highland Prep,Math,112,50
2024,5480,Gateway Early College High School,ELA,71,38
2024,5480,Gateway Early College High School,Math,71,21
2024,969999,Hope College and Career Readiness Academy,ELA,32,*
2024,969999,Hope College and Career Readiness Academy,Math,35,*
2024,91781,Great Hearts Academies - Maryvale Prep,ELA,35,*
2024,91781,Great Hearts Academies - Maryvale Prep,Math,35,*
2024,4980,Mesa High School,ELA,727,24
2024,4980,Mesa High School,Math,760,21
2024,4981,Westwood High School,ELA,637,26
2024,4981,Westwood High School,Math,678,19
2024,4982,Mountain View High School,ELA,676,50
2024,4982,Mountain View High School,Math,700,39
2024,4983,Dobson High School,ELA,507,26
2024,4983,Dobson High School,Math,539,18
2024,4984,Red Mountain High School,ELA,737,50
2024,4984,Red Mountain High School,Math,784,42
2024,78917,Skyline High School,ELA,435,24
2024,78917,Skyline High School,Math,461,20
2024,78930,Mesa Distance Learning Program,ELA,72,53
2024,78930,Mesa Distance Learning Program,Math,72,35
2024,78932,East Valley Academy,ELA,23,*
2024,78932,East Valley Academy,Math,31,*
2024,10847,Metropolitan Arts Institute,ELA,51,59
2024,10847,Metropolitan Arts Institute,Math,51,*
2024,1001155,Mountainside High School,ELA,77,29
2024,1001155,Mountainside High School,Math,80,21
2024,5482,New School for the Arts,ELA,44,45
2024,5482,New School for the Arts,Math,45,36
2024,91422,Great Hearts Academies - North Phoenix Prep,ELA,66,67
2024,91422,Great Hearts Academies - North Phoenix Prep,Math,66,73
2024,79702,Arizona Preparatory Academy,ELA,51,*
2024,79702,Arizona Preparatory Academy,Math,55,*
2024,5493,Ombudsman - Charter East,ELA,29,*
2024,5493,Ombudsman - Charter East,Math,29,*
2024,10737,Ombudsman - Charter West,ELA,30,*
2024,10737,Ombudsman - Charter West,Math,30,*
2024,78814,Ombudsman - Charter Metro,ELA,40,*
2024,78814,Ombudsman - Charter Metro,Math,45,*
2024,79174,Ombudsman - Charter Northeast,ELA,16,*
2024,79174,Ombudsman - Charter Northeast,Math,18,*
2024,80026,Ombudsman - Charter Northwest,ELA,30,*
2024,80026,Ombudsman - Charter Northwest,Math,34,*
2024,89440,Ombudsman - Charter East II,ELA,22,*
2024,89440,Ombudsman - Charter East II,Math,22,*
2024,89827,Ombudsman - Charter Valencia,ELA,56,*
2024,89827,Ombudsman - Charter Valencia,Math,61,*
2024,1001731,Ombudsman Online Academy,ELA,30,*
2024,1001731,Ombudsman Online Academy,Math,31,*
2024,5530,Intelli-School - Metro Center,ELA,13,*
2024,5530,Intelli-School - Metro Center,Math,14,*
2024,90208,Intelli-School Glendale,ELA,16,*
2024,90208,Intelli-School Glendale,Math,16,*
2024,1001762,PAS Charter Online,ELA,*,*
2024,1001762,PAS Charter Online,Math,*,*
2024,79579,Pan-American Charter School,ELA,71,23
2024,79579,Pan-American Charter School,Math,73,*
2024,5071,Roadrunner School,ELA,*,*
2024,5071,Roadrunner School,Math,*,*
2024,5105,Paradise Valley High School,ELA,488,53
2024,5105,Paradise Valley High School,Math,509,45
2024,5106,Horizon High School,ELA,466,66
2024,5106,Horizon High School,Math,473,55
2024,5107,North Canyon High School,ELA,350,26
2024,5107,North Canyon High School,Math,369,15
2024,5108,Shadow Mountain High School,ELA,*,53
2024,5108,Shadow Mountain High School,Math,*,41
2024,79268,Pinnacle High School,ELA,579,66
2024,79268,Pinnacle High School,Math,583,62
2024,90782,pvONLINE,ELA,32,41
2024,90782,pvONLINE,Math,33,*
2024,92611,Sweetwater Community School,ELA,94,17
2024,92611,Sweetwater Community School,Math,102,*
2024,89828,Paradise Honors High School,ELA,245,56
2024,89828,Paradise Honors High School,Math,245,45
2024,850102,Pathways in Education,ELA,31,*
2024,850102,Pathways in Education,Math,31,*
2024,1002018,Paul Revere Academy,ELA,*,*
2024,1002018,Paul Revere Academy,Math,*,*
2024,5013,Peoria High School,ELA,*,28
2024,5013,Peoria High School,Math,*,26
2024,5014,Cactus High School,ELA,224,36
2024,5014,Cactus High School,Math,226,33
2024,5015,Ironwood High School,ELA,*,42
2024,5015,Ironwood High School,Math,*,33
2024,5016,Centennial High School,ELA,450,48
2024,5016,Centennial High School,Math,458,43
2024,5017,Sunrise Mountain High School,ELA,473,57
2024,5017,Sunrise Mountain High School,Math,480,49
2024,6231,Peoria Flex Academy,ELA,35,*
2024,6231,Peoria Flex Academy,Math,35,*
2024,81207,Peoria eCampus,ELA,22,*
2024,81207,Peoria eCampus,Math,22,*
2024,85835,Raymond S. Kellis,ELA,*,30
2024,85835,Raymond S. Kellis,Math,*,21
2024,87520,Liberty High School,ELA,*,53
2024,87520,Liberty High School,Math,*,45
2024,10814,"Learning Institute, The",ELA,15,*
2024,10814,"Learning Institute, The",Math,16,*
2024,5436,Alhambra High School,ELA,430,9
2024,5436,Alhambra High School,Math,468,7
2024,5437,Trevor Browne High School,ELA,586,15
2024,5437,Trevor Browne High School,Math,622,11
2024,5438,Camelback High School,ELA,463,18
2024,5438,Camelback High School,Math,482,10
2024,5439,Central High School,ELA,397,15
2024,5439,Central High School,Math,416,9
2024,5440,Carl Hayden High School,ELA,433,12
2024,5440,Carl Hayden High School,Math,467,7
2024,5441,Maryvale High School,ELA,545,15
2024,5441,Maryvale High School,Math,570,8
2024,5442,North High School,ELA,388,18
2024,5442,North High School,Math,412,11
2024,5443,South Mountain High School,ELA,411,12
2024,5443,South Mountain High School,Math,423,7
2024,6248,Metro Tech High School,ELA,509,28
2024,6248,Metro Tech High School,Math,519,20
2024,6249,Bostrom Alternative Center,ELA,104,*
2024,6249,Bostrom Alternative Center,Math,124,*
2024,78847,Cesar Chavez High School,ELA,530,17
2024,78847,Cesar Chavez High School,Math,544,13
2024,79617,Linda Abril Educational Academy,ELA,39,*
2024,79617,Linda Abril Educational Academy,Math,39,*
2024,88407,Phoenix Union Bioscience High School,ELA,90,82
2024,88407,Phoenix Union Bioscience High School,Math,90,75
2024,89571,Betty Fairfax High School,ELA,409,26
2024,89571,Betty Fairfax High School,Math,424,20
2024,89778,Franklin Police and Fire High School,ELA,57,37
2024,89778,Franklin Police and Fire High School,Math,57,26
2024,128903,Phoenix Union-Wilson College Preparatory,ELA,47,27
2024,128903,Phoenix Union-Wilson College Preparatory,Math,48,23
2024,221992,Phoenix Coding Academy,ELA,50,58
2024,221992,Phoenix Coding Academy,Math,50,44
2024,875776,Phoenix Digital Academy,ELA,253,11
2024,875776,Phoenix Digital Academy,Math,256,5
2024,1001158,PXU City,ELA,29,*
2024,1001158,PXU City,Math,29,*
2024,87335,Pillar Academy of Business & Finance,ELA,*,*
2024,87335,Pillar Academy of Business & Finance,Math,*,*
2024,5463,Pinnacle High School - Tempe,ELA,*,*
2024,5463,Pinnacle High School - Tempe,Math,*,*
2024,81180,Pinnacle Online High School,ELA,23,*
2024,81180,Pinnacle Online High School,Math,25,*
2024,289884,Pinnacle Online - WMCB,ELA,*,*
2024,289884,Pinnacle Online - WMCB,Math,*,*
2024,79570,Premier Charter High School,ELA,48,*
2024,79570,Premier Charter High School,Math,49,*
2024,1002031,Premier Prep Online Academy,ELA,30,*
2024,1002031,Premier Prep Online Academy,Math,*,*
2024,5141,Queen Creek High School,ELA,529,59
2024,5141,Queen Creek High School,Math,536,56
2024,92628,Queen Creek Virtual Academy,ELA,81,22
2024,92628,Queen Creek Virtual Academy,Math,81,15
2024,1000117,Eastmark High School,ELA,247,62
2024,1000117,Eastmark High School,Math,249,52
2024,1001882,Crismon High School,ELA,135,48
2024,1001882,Crismon High School,Math,136,32
2024,5467,"Ridgeline Academy, Inc.",ELA,65,66
2024,5467,"Ridgeline Academy, Inc.",Math,65,45
2024,79952,Intelli-School,ELA,*,*
2024,79952,Intelli-School,Math,11,*
2024,1001760,SC Jensen Online,ELA,*,*
2024,1001760,SC Jensen Online,Math,*,*
2024,85819,Tonopah Valley High School,ELA,202,23
2024,85819,Tonopah Valley High School,Math,205,15
2024,90159,Salt River Accelerated Learning Academy,ELA,13,*
2024,90159,Salt River Accelerated Learning Academy,Math,13,*
2024,89799,San Tan Charter School,ELA,58,50
2024,89799,San Tan Charter School,Math,58,45
2024,89757,Great Hearts Academies - Scottsdale Prep,ELA,88,92
2024,89757,Great Hearts Academies - Scottsdale Prep,Math,88,90
2024,5066,Arcadia High School,ELA,369,62
2024,5066,Arcadia High School,Math,373,49
2024,5067,Coronado High School,ELA,167,26
2024,5067,Coronado High School,Math,172,17
2024,5068,Saguaro High School,ELA,327,52
2024,5068,Saguaro High School,Math,329,48
2024,5069,Chaparral High School,ELA,458,70
2024,5069,Chaparral High School,Math,458,61
2024,5070,Desert Mountain High School,ELA,439,76
2024,5070,Desert Mountain High School,Math,444,67
2024,91286,Scottsdale Online Learning,ELA,*,*
2024,91286,Scottsdale Online Learning,Math,*,*
2024,89941,Skyline D5,ELA,34,*
2024,89941,Skyline D5,Math,35,*
2024,79092,Skyline Prep High School,ELA,27,*
2024,79092,Skyline Prep High School,Math,27,*
2024,92044,Southwest Leadership Academy,ELA,38,*
2024,92044,Southwest Leadership Academy,Math,39,*
2024,5549,Tempe Preparatory Academy,ELA,54,83
2024,5549,Tempe Preparatory Academy,Math,54,71
2024,5444,Tempe High School,ELA,314,27
2024,5444,Tempe High School,Math,321,22
2024,5445,Mcclintock High School,ELA,382,47
2024,5445,Mcclintock High School,Math,385,34
2024,5446,Marcos De Niza High School,ELA,299,38
2024,5446,Marcos De Niza High School,Math,303,28
2024,5447,Corona Del Sol High School,ELA,597,64
2024,5447,Corona Del Sol High School,Math,601,54
2024,5448,Mountain Pointe High School,ELA,368,37
2024,5448,Mountain Pointe High School,Math,372,27
2024,5449,Desert Vista High School,ELA,696,66
2024,5449,Desert Vista High School,Math,703,53
2024,87990,TAPBI,ELA,770,40
2024,87990,TAPBI,Math,779,29
2024,91825,Odyssey Institute for Advanced and International Studies,ELA,184,58
2024,91825,Odyssey Institute for Advanced and International Studies,Math,184,35
2024,1001431,Paideia Liberal Arts Academy,ELA,*,*
2024,1001431,Paideia Liberal Arts Academy,Math,*,*
2024,1000047,Think Through Academy,ELA,*,*
2024,1000047,Think Through Academy,Math,11,*
2024,79117,Thrivepoint High School at Union Hills,ELA,17,*
2024,79117,Thrivepoint High School at Union Hills,Math,20,*
2024,81143,ThrivePoint High School at Surprise,ELA,72,*
2024,81143,ThrivePoint High School at Surprise,Math,73,*
2024,90075,ThrivePoint High School at Metro,ELA,47,*
2024,90075,ThrivePoint High School at Metro,Math,51,*
2024,90389,ThrivePoint High School at Grovers,ELA,11,*
2024,90389,ThrivePoint High School at Grovers,Math,13,*
2024,90768,ThrivePoint High School at Buckeye,ELA,20,*
2024,90768,ThrivePoint High School at Buckeye,Math,21,*
2024,90815,ThrivePoint Online High School,ELA,78,23
2024,90815,ThrivePoint Online High School,Math,81,*
2024,91199,ThrivePoint High School at Avondale,ELA,28,*
2024,91199,ThrivePoint High School at Avondale,Math,34,*
2024,5452,Tolleson Union High School,ELA,531,18
2024,5452,Tolleson Union High School,Math,552,17
2024,5453,Westview High School,ELA,334,25
2024,5453,Westview High School,Math,344,18
2024,80051,La Joya Community High School,ELA,490,20
2024,80051,La Joya Community High School,Math,508,24
2024,85810,Copper Canyon High School,ELA,514,23
2024,85810,Copper Canyon High School,Math,529,17
2024,89908,Sierra Linda High School,ELA,411,17
2024,89908,Sierra Linda High School,Math,427,9
2024,90085,West Point High School,ELA,764,33
2024,90085,West Point High School,Math,775,31
2024,90551,University High School,ELA,79,91
2024,90551,University High School,Math,80,82
2024,91156,Great Hearts Academies - Trivium Prep,ELA,72,78
2024,91156,Great Hearts Academies - Trivium Prep,Math,72,55
2024,79958,Desert Marigold School,ELA,11,*
2024,79958,Desert Marigold School,Math,11,*
2024,1000304,Valor Preparatory Academy,ELA,21,*
2024,1000304,Valor Preparatory Academy,Math,21,*
2024,80994,Great Hearts Academies - Veritas Prep,ELA,73,71
2024,80994,Great Hearts Academies - Veritas Prep,Math,73,64
2024,92619,Western School of Science and Technology,ELA,79,14
2024,92619,Western School of Science and Technology,Math,84,*
2024,4987,Wickenburg High School,ELA,107,33
2024,4987,Wickenburg High School,Math,115,20
2024,91264,Wickenburg Virtual Academy,ELA,18,*
2024,91264,Wickenburg Virtual Academy,Math,19,*
2024,85541,Academy of Building Industries,ELA,28,*
2024,85541,Academy of Building Industries,Math,29,*
2024,5567,El Capitan Public School,ELA,*,*
2024,5567,El Capitan Public School,Math,*,*
2024,5592,Mohave High School,ELA,223,29
2024,5592,Mohave High School,Math,230,12
2024,5593,River Valley High School,ELA,99,14
2024,5593,River Valley High School,Math,107,12
2024,90858,CRUHSD Academy,ELA,34,*
2024,90858,CRUHSD Academy,Math,34,*
2024,79373,Kingman Academy of Learning - High School,ELA,82,44
2024,79373,Kingman Academy of Learning - High School,Math,82,20
2024,5595,Kingman High School,ELA,175,26
2024,5595,Kingman High School,Math,194,12
2024,91772,Lee Williams High School,ELA,227,42
2024,91772,Lee Williams High School,Math,231,26
2024,1001750,Kingman Online Learning Academy (KOLA) High School,ELA,60,*
2024,1001750,Kingman Online Learning Academy (KOLA) High School,Math,63,*
2024,5565,Lake Havasu High School,ELA,350,43
2024,5565,Lake Havasu High School,Math,367,38
2024,85839,Havasuonline,ELA,109,23
2024,85839,Havasuonline,Math,112,*
2024,85821,Beaver Dam High School,ELA,20,*
2024,85821,Beaver Dam High School,Math,22,*
2024,79510,Mohave Accelerated Learning Center,ELA,67,49
2024,79510,Mohave Accelerated Learning Center,Math,67,45
2024,79287,Music Mountain Jr./Sr. High School,ELA,*,*
2024,79287,Music Mountain Jr./Sr. High School,Math,*,*
2024,78857,Telesis Preparatory Academy,ELA,*,*
2024,78857,Telesis Preparatory Academy,Math,*,*
2024,5648,Blue Ridge High School,ELA,152,34
2024,5648,Blue Ridge High School,Math,155,31
2024,5652,Northern AZ Academy for Career Dev. - Taylor,ELA,*,*
2024,5652,Northern AZ Academy for Career Dev. - Taylor,Math,*,*
2024,5625,Mogollon High School,ELA,41,44
2024,5625,Mogollon High School,Math,41,27
2024,5610,Holbrook High School,ELA,146,27
2024,5610,Holbrook High School,Math,148,17
2024,5606,Joseph City High School,ELA,31,48
2024,5606,Joseph City High School,Math,31,*
2024,5644,Monument Valley High School,ELA,148,10
2024,5644,Monument Valley High School,Math,150,8
2024,7654,Navajo County Instruction for Success (NCIS),ELA,*,*
2024,7654,Navajo County Instruction for Success (NCIS),Math,*,*
2024,5613,Pinon High School,ELA,87,*
2024,5613,Pinon High School,Math,90,*
2024,5653,Shonto Preparatory Technology High School,ELA,13,*
2024,5653,Shonto Preparatory Technology High School,Math,13,*
2024,5632,Show Low High School,ELA,*,43
2024,5632,Show Low High School,Math,*,30
2024,79646,White Mountain Institute,ELA,22,*
2024,79646,White Mountain Institute,Math,22,*
2024,91203,WMI ON LINE,ELA,*,*
2024,91203,WMI ON LINE,Math,*,*
2024,5618,Snowflake High School,ELA,213,53
2024,5618,Snowflake High School,Math,216,43
2024,5637,Alchesay High School,ELA,149,*
2024,5637,Alchesay High School,Math,168,*
2024,5604,Winslow High School,ELA,128,20
2024,5604,Winslow High School,Math,131,18
2024,78898,Academy of Tucson High School,ELA,35,57
2024,78898,Academy of Tucson High School,Math,35,34
2024,6292,Ajo High School,ELA,29,*
2024,6292,Ajo High School,Math,30,*
2024,80996,Alta Vista High School,ELA,101,16
2024,80996,Alta Vista High School,Math,103,14
2024,5808,Canyon Del Oro High School,ELA,388,58
2024,5808,Canyon Del Oro High School,Math,392,56
2024,6055,Amphitheater High School,ELA,231,15
2024,6055,Amphitheater High School,Math,241,9
2024,79378,Ironwood Ridge High School,ELA,367,45
2024,79378,Ironwood Ridge High School,Math,368,41
2024,91755,Amphi Academy Online,ELA,42,33
2024,91755,Amphi Academy Online,Math,42,*
2024,78941,ASDB - Tucson Campus,ELA,11,*
2024,78941,ASDB - Tucson Campus,Math,13,*
2024,91766,BASIS Tucson North,ELA,65,98
2024,91766,BASIS Tucson North,Math,65,*
2024,5847,Baboquivari High School,ELA,40,*
2024,5847,Baboquivari High School,Math,41,*
2024,90822,Alternative High School (Indian Oasis High School),ELA,*,*
2024,90822,Alternative High School (Indian Oasis High School),Math,11,*
2024,89872,Sky Islands,ELA,17,*
2024,89872,Sky Islands,Math,20,*
2024,85451,City High School,ELA,36,42
2024,85451,City High School,Math,36,*
2024,87412,Envision High School,ELA,27,*
2024,87412,Envision High School,Math,29,*
2024,80033,Toltecali High School,ELA,18,*
2024,80033,Toltecali High School,Math,23,*
2024,81030,Canyon Rose Academy,ELA,52,*
2024,81030,Canyon Rose Academy,Math,54,*
2024,605648,Canyon Rose Academy-East,ELA,*,*
2024,605648,Canyon Rose Academy-East,Math,12,*
2024,5839,Catalina Foothills High School,ELA,467,72
2024,5839,Catalina Foothills High School,Math,467,55
2024,1001672,Colearn Academy Arizona,ELA,*,*
2024,1001672,Colearn Academy Arizona,Math,11,*
2024,79468,Compass High School,ELA,60,*
2024,79468,Compass High School,Math,69,*
2024,79127,Sonoran Science Academy - Tucson,ELA,43,44
2024,79127,Sonoran Science Academy - Tucson,Math,44,48
2024,80974,Sonoran Science Academy - Phoenix,ELA,22,*
2024,80974,Sonoran Science Academy - Phoenix,Math,24,*
2024,90285,Sonoran Science Academy - Davis Monthan,ELA,25,52
2024,90285,Sonoran Science Academy - Davis Monthan,Math,26,*
2024,79442,Desert Rose Academy Charter School,ELA,38,*
2024,79442,Desert Rose Academy Charter School,Math,39,*
2024,1001926,Desert Sage High School,ELA,13,*
2024,1001926,Desert Sage High School,Math,14,*
2024,78836,Eastpointe High School,ELA,65,*
2024,78836,Eastpointe High School,Math,69,*
2024,5860,Edge High School - Himmel Park,ELA,18,*
2024,5860,Edge High School - Himmel Park,Math,18,*
2024,80928,EDGE High School - Northwest,ELA,16,*
2024,80928,EDGE High School - Northwest,Math,17,*
2024,5791,Flowing Wells High School,ELA,363,35
2024,5791,Flowing Wells High School,Math,371,31
2024,6054,Sentinel Peak High School,ELA,29,*
2024,6054,Sentinel Peak High School,Math,30,*
2024,91832,Flowing Wells Digital Campus,ELA,25,*
2024,91832,Flowing Wells Digital Campus,Math,25,*
2024,5872,Ha:san Preparatory & Leadership School,ELA,18,*
2024,5872,Ha:san Preparatory & Leadership School,Math,18,*
2024,6350,Skyview High School,ELA,41,*
2024,6350,Skyview High School,Math,43,*
2024,5781,Marana High School,ELA,512,42
2024,5781,Marana High School,Math,533,33
2024,5782,Mountain View High School,ELA,431,39
2024,5782,Mountain View High School,Math,435,34
2024,6279,MCAT High School,ELA,58,*
2024,6279,MCAT High School,Math,68,*
2024,87083,Marana Distance Learning,ELA,*,*
2024,87083,Marana Distance Learning,Math,*,*
2024,10885,Mountain Rose Academy,ELA,51,*
2024,10885,Mountain Rose Academy,Math,52,*
2024,79899,Nosotros Academy,ELA,16,*
2024,79899,Nosotros Academy,Math,16,*
2024,1001732,Online School of Arizona,ELA,*,*
2024,1001732,Online School of Arizona,Math,*,*
2024,6057,Pima Vocational High School,ELA,*,*
2024,6057,Pima Vocational High School,Math,*,*
2024,1001696,Pima County Schools Superintendent's Diploma Program,ELA,116,12
2024,1001696,Pima County Schools Superintendent's Diploma Program,Math,120,*
2024,90907,Arizona Collegiate High School,ELA,44,*
2024,90907,Arizona Collegiate High School,Math,47,*
2024,79960,"Pima Partnership School, The",ELA,17,*
2024,79960,"Pima Partnership School, The",Math,18,*
2024,90998,Pima Rose Academy,ELA,111,*
2024,90998,Pima Rose Academy,Math,120,*
2024,5873,PPEP TEC - Celestino Fernandez Learning Center,ELA,20,*
2024,5873,PPEP TEC - Celestino Fernandez Learning Center,Math,22,*
2024,5876,PPEP TEC - Alice S. Paul Learning Center,ELA,17,*
2024,5876,PPEP TEC - Alice S. Paul Learning Center,Math,21,*
2024,5877,PPEP TEC - Raul H. Castro Learning Center,ELA,37,*
2024,5877,PPEP TEC - Raul H. Castro Learning Center,Math,42,*
2024,5878,PPEP TEC - Cesar Chavez Learning Center,ELA,32,*
2024,5878,PPEP TEC - Cesar Chavez Learning Center,Math,38,*
2024,5879,PPEP TEC - Jose Yepez Learning Center,ELA,27,*
2024,5879,PPEP TEC - Jose Yepez Learning Center,Math,31,*
2024,5880,PPEP TEC - Colin L. Powell Learning Center,ELA,29,*
2024,5880,PPEP TEC - Colin L. Powell Learning Center,Math,29,*
2024,79705,Arizona Virtual Academy,ELA,274,32
2024,79705,Arizona Virtual Academy,Math,285,16
2024,91830,Arizona Insight Academy,ELA,222,19
2024,91830,Arizona Insight Academy,Math,230,9
2024,5865,Presidio School,ELA,14,*
2024,5865,Presidio School,Math,14,*
2024,5843,Sahuarita High School,ELA,280,38
2024,5843,Sahuarita High School,Math,285,25
2024,90824,Walden Grove High School,ELA,290,38
2024,90824,Walden Grove High School,Math,299,34
2024,1001695,Sahuarita Digital Pathways Academy,ELA,24,*
2024,1001695,Sahuarita Digital Pathways Academy,Math,26,*
2024,79028,Southern Arizona Community Academy,ELA,*,*
2024,79028,Southern Arizona Community Academy,Math,*,*
2024,92518,SACA Online,ELA,*,*
2024,92518,SACA Online,Math,*,*
2024,79091,Southgate Academy,ELA,16,*
2024,79091,Southgate Academy,Math,19,*
2024,92497,Las Puertas Community School,ELA,*,*
2024,92497,Las Puertas Community School,Math,*,*
2024,5826,Desert View High School,ELA,458,17
2024,5826,Desert View High School,Math,474,9
2024,5827,Sunnyside High School,ELA,478,16
2024,5827,Sunnyside High School,Math,517,6
2024,6288,STAR Academic High School,ELA,44,*
2024,6288,STAR Academic High School,Math,54,*
2024,87466,Tanque Verde High School,ELA,162,71
2024,87466,Tanque Verde High School,Math,162,49
2024,79980,Tucson International Academy,ELA,*,*
2024,79980,Tucson International Academy,Math,*,*
2024,84297,Tucson International Academy Midvale,ELA,*,*
2024,84297,Tucson International Academy Midvale,Math,*,*
2024,90044,TIA East,ELA,*,*
2024,90044,TIA East,Math,*,*
2024,90045,TIA West,ELA,14,*
2024,90045,TIA West,Math,15,*
2024,5892,Tucson Preparatory School,ELA,*,*
2024,5892,Tucson Preparatory School,Math,*,*
2024,5756,Catalina High School,ELA,132,17
2024,5756,Catalina High School,Math,147,9
2024,5757,Cholla High School,ELA,371,14
2024,5757,Cholla High School,Math,383,6
2024,5758,Palo Verde High Magnet School,ELA,129,29
2024,5758,Palo Verde High Magnet School,Math,134,13
2024,5759,Pueblo High School,ELA,341,16
2024,5759,Pueblo High School,Math,375,10
2024,5760,Rincon High School,ELA,202,35
2024,5760,Rincon High School,Math,217,20
2024,5761,Sabino High School,ELA,187,45
2024,5761,Sabino High School,Math,192,37
2024,5762,Sahuaro High School,ELA,297,28
2024,5762,Sahuaro High School,Math,304,10
2024,5763,Santa Rita High School,ELA,84,15
2024,5763,Santa Rita High School,Math,88,*
2024,5764,Tucson Magnet High School,ELA,642,27
2024,5764,Tucson Magnet High School,Math,678,19
2024,5766,University High School,ELA,200,98
2024,5766,University High School,Math,201,*
2024,6264,Project More High School,ELA,*,*
2024,6264,Project More High School,Math,14,*
2024,6269,Mary Meredith K-12 School,ELA,*,*
2024,6269,Mary Meredith K-12 School,Math,*,*
2024,6272,Teenage Parent Program - TAPP,ELA,*,*
2024,6272,Teenage Parent Program - TAPP,Math,*,*
2024,85924,Tucson Unified Virtual Academy,ELA,80,22
2024,85924,Tucson Unified Virtual Academy,Math,81,*
2024,1001156,Innovation Tech High School,ELA,69,41
2024,1001156,Innovation Tech High School,Math,70,17
2024,5861,Alternative Computerized Education (ACE) Charter High School,ELA,15,*
2024,5861,Alternative Computerized Education (ACE) Charter High School,Math,15,*
2024,90286,Youth Works Charter High School,ELA,*,*
2024,90286,Youth Works Charter High School,Math,*,*
2024,10855,Vail Academy & High School,ELA,47,49
2024,10855,Vail Academy & High School,Math,47,42
2024,79721,Cienega High School,ELA,445,56
2024,79721,Cienega High School,Math,447,42
2024,84665,Pantano High School,ELA,39,*
2024,84665,Pantano High School,Math,41,*
2024,87875,Empire High School,ELA,209,79
2024,87875,Empire High School,Math,211,67
2024,90845,Vail Innovation Center,ELA,88,58
2024,90845,Vail Innovation Center,Math,88,48
2024,91292,Andrada Polytechnic High School,ELA,133,64
2024,91292,Andrada Polytechnic High School,Math,134,58
2024,1000597,Mica Mountain High,ELA,330,55
2024,1000597,Mica Mountain High,Math,331,46
2024,1000972,A+ Charter Schools,ELA,40,40
2024,1000972,A+ Charter Schools,Math,40,*
2024,635758,ASU Preparatory Academy - Casa Grande HS,ELA,47,53
2024,635758,ASU Preparatory Academy - Casa Grande HS,Math,47,38
2024,6346,Apache Trail High School,ELA,38,*
2024,6346,Apache Trail High School,Math,41,*
2024,5925,Apache Junction High School,ELA,174,15
2024,5925,Apache Junction High School,Math,187,10
2024,5948,Casa Grande Union High School,ELA,439,25
2024,5948,Casa Grande Union High School,Math,453,16
2024,90084,Vista Grande High School,ELA,407,22
2024,90084,Vista Grande High School,Math,425,16
2024,5916,Coolidge High School,ELA,153,16
2024,5916,Coolidge High School,Math,156,9
2024,92608,Coolidge Alternative Program,ELA,32,*
2024,92608,Coolidge Alternative Program,Math,33,*
2024,1001734,Coolidge Virtual Academy,ELA,24,*
2024,1001734,Coolidge Virtual Academy,Math,25,*
2024,5479,EDUPRIZE SCHOOL Gilbert,ELA,38,29
2024,5479,EDUPRIZE SCHOOL Gilbert,Math,39,*
2024,1001718,EDUPRIZE ONLINE INSTRUCTION,ELA,*,*
2024,1001718,EDUPRIZE ONLINE INSTRUCTION,Math,*,*
2024,5897,Florence High School,ELA,189,20
2024,5897,Florence High School,Math,201,10
2024,89907,San Tan Foothills High School,ELA,156,19
2024,89907,San Tan Foothills High School,Math,163,9
2024,90309,Poston Butte High School,ELA,313,25
2024,90309,Poston Butte High School,Math,316,19
2024,90781,Florence Virtual Academy,ELA,34,*
2024,90781,Florence Virtual Academy,Math,37,*
2024,92280,Mountain Vista Academy,ELA,35,*
2024,92280,Mountain Vista Academy,Math,39,*
2024,1000169,Heritage Academy Maricopa,ELA,96,57
2024,1000169,Heritage Academy Maricopa,Math,97,45
2024,89859,Combs High School,ELA,*,38
2024,89859,Combs High School,Math,*,28
2024,1001141,Combs Online School for Success,ELA,19,*
2024,1001141,Combs Online School for Success,Math,19,*
2024,1001830,Combs Center for Success High School,ELA,22,*
2024,1001830,Combs Center for Success High School,Math,23,*
2024,5904,San Manuel High School,ELA,34,*
2024,5904,San Manuel High School,Math,35,*
2024,5910,Maricopa High School,ELA,412,33
2024,5910,Maricopa High School,Math,441,25
2024,1001089,Maricopa Virtual Academy,ELA,25,*
2024,1001089,Maricopa Virtual Academy,Math,27,*
2024,1001884,Desert Sunrise High School,ELA,249,28
2024,1001884,Desert Sunrise High School,Math,264,19
2024,6067,Villa Oasis Interscholastic Center For Education (voice),ELA,21,*
2024,6067,Villa Oasis Interscholastic Center For Education (voice),Math,21,*
2024,10750,Pinnacle High School - Casa Grande,ELA,*,*
2024,10750,Pinnacle High School - Casa Grande,Math,*,*
2024,5900,Ray JR/SR High School,ELA,28,*
2024,5900,Ray JR/SR High School,Math,35,*
2024,5951,Santa Cruz Valley Union High School,ELA,84,14
2024,5951,Santa Cruz Valley Union High School,Math,87,*
2024,90415,Santa Cruz Center for Success,ELA,*,*
2024,90415,Santa Cruz Center for Success,Math,*,*
2024,5907,Superior Junior/Senior High School,ELA,18,*
2024,5907,Superior Junior/Senior High School,Math,18,*
2024,5961,Pierson High School,ELA,42,*
2024,5961,Pierson High School,Math,45,*
2024,5962,Nogales High School,ELA,418,40
2024,5962,Nogales High School,Math,421,27
2024,91269,NUSD Online,ELA,49,*
2024,91269,NUSD Online,Math,57,*
2024,5971,Patagonia Union High School,ELA,16,*
2024,5971,Patagonia Union High School,Math,17,*
2024,79621,Pinnacle Charter High School,ELA,*,*
2024,79621,Pinnacle Charter High School,Math,14,*
2024,5966,Rio Rico High School,ELA,342,23
2024,5966,Rio Rico High School,Math,358,12
2024,91132,"Arizona Agribusiness & Equine Center, Inc. - Prescott Valley",ELA,62,74
2024,91132,"Arizona Agribusiness & Equine Center, Inc. - Prescott Valley",Math,62,56
2024,6103,Ash Fork High School,ELA,29,*
2024,6103,Ash Fork High School,Math,30,*
2024,92321,BASIS Prescott,ELA,13,*
2024,92321,BASIS Prescott,Math,13,*
2024,6089,Bagdad Middle / Senior High School,ELA,39,*
2024,6089,Bagdad Middle / Senior High School,Math,42,*
2024,1001181,Sultan Virtual Academy,ELA,*,*
2024,1001181,Sultan Virtual Academy,Math,*,*
2024,6100,Camp Verde High School,ELA,98,34
2024,6100,Camp Verde High School,Math,99,23
2024,84659,Camp Verde Accommodation School,ELA,*,*
2024,84659,Camp Verde Accommodation School,Math,*,*
2024,1000257,Camp Verde Online,ELA,*,*
2024,1000257,Camp Verde Online,Math,*,*
2024,6110,Chino Valley High School,ELA,160,31
2024,6110,Chino Valley High School,Math,170,24
2024,88388,Northpoint Expeditionary Learning Academy,ELA,24,*
2024,88388,Northpoint Expeditionary Learning Academy,Math,24,*
2024,6123,Cottonwood Education Services,ELA,*,*
2024,6123,Cottonwood Education Services,Math,*,*
2024,6366,American Heritage Academy - Cottonwood,ELA,14,*
2024,6366,American Heritage Academy - Cottonwood,Math,14,*
2024,6097,Bradshaw Mountain High School,ELA,386,45
2024,6097,Bradshaw Mountain High School,Math,392,27
2024,87536,Bradshaw Mountain Online Academy,ELA,12,*
2024,87536,Bradshaw Mountain Online Academy,Math,12,*
2024,78821,Tri-City College Prep,ELA,36,75
2024,78821,Tri-City College Prep,Math,36,75
2024,6106,Mayer High School,ELA,25,*
2024,6106,Mayer High School,Math,29,*
2024,6127,Mingus Union High School,ELA,256,25
2024,6127,Mingus Union High School,Math,*,21
2024,91320,Mingus Online Academy,ELA,11,*
2024,91320,Mingus Online Academy,Math,11,*
2024,79108,PACE Preparatory Academy,ELA,25,*
2024,79108,PACE Preparatory Academy,Math,27,*
2024,8135,Prescott High School,ELA,341,49
2024,8135,Prescott High School,Math,349,37
2024,1001973,Genesis Academy,ELA,19,*
2024,1001973,Genesis Academy,Math,19,*
2024,6085,Sedona Red Rock Junior/Senior High School,ELA,61,44
2024,6085,Sedona Red Rock Junior/Senior High School,Math,64,19
2024,90826,Red Rock Academy,ELA,*,*
2024,90826,Red Rock Academy,Math,*,*
2024,6105,Seligman High School,ELA,19,*
2024,6105,Seligman High School,Math,19,*
2024,79380,Yavapai County High School,ELA,*,*
2024,79380,Yavapai County High School,Math,*,*
2024,91815,Aspire  High School,ELA,*,*
2024,91815,Aspire  High School,Math,11,*
2024,6188,Antelope Union High School,ELA,43,*
2024,6188,Antelope Union High School,Math,43,*
2024,92739,AUHS Online Acadamy,ELA,*,*
2024,92739,AUHS Online Acadamy,Math,*,*
2024,89656,Desert View Online School,ELA,*,*
2024,89656,Desert View Online School,Math,*,*
2024,79513,Harvest Preparatory Academy,ELA,73,22
2024,79513,Harvest Preparatory Academy,Math,73,*
2024,6193,Educational Opportunity Center Charter High School,ELA,19,*
2024,6193,Educational Opportunity Center Charter High School,Math,19,*
2024,6189,Yuma High School,ELA,208,12
2024,6189,Yuma High School,Math,223,*
2024,6190,Kofa High School,ELA,546,24
2024,6190,Kofa High School,Math,585,11
2024,6191,Cibola High School,ELA,525,29
2024,6191,Cibola High School,Math,551,18
2024,6302,Vista High School,ELA,36,*
2024,6302,Vista High School,Math,41,*
2024,80409,San Luis High School,ELA,582,18
2024,80409,San Luis High School,Math,610,11
2024,89576,Gila Ridge High School,ELA,490,36
2024,89576,Gila Ridge High School,Math,514,18
2024,91316,Yuma Online Distance Academy,ELA,*,*
2024,91316,Yuma Online Distance Academy,Math,*,*
2025,4737,Chinle High School,ELA,205,22
2025,4737,Chinle High School,Math,206,18
2025,4728,Ganado High School,ELA,82,14
2025,4728,Ganado High School,Math,85,13
2025,4741,Red Mesa High School,ELA,32,*
2025,4741,Red Mesa High School,Math,33,*
2025,88386,Red Valley/Cove High School,ELA,*,*
2025,88386,Red Valley/Cove High School,Math,*,*
2025,4721,Round Valley High School,ELA,76,42
2025,4721,Round Valley High School,Math,76,34
2025,92686,Round Valley AOI,ELA,15,*
2025,92686,Round Valley AOI,Math,17,*
2025,4724,Valley High School,ELA,41,*
2025,4724,Valley High School,Math,42,*
2025,4711,St Johns High School,ELA,73,39
2025,4711,St Johns High School,Math,73,44
2025,4717,Window Rock High School,ELA,157,32
2025,4717,Window Rock High School,Math,157,15
2025,4799,Benson High School,ELA,86,56
2025,4799,Benson High School,Math,87,44
2025,85879,Benson Digital Learning Center,ELA,11,*
2025,85879,Benson Digital Learning Center,Math,11,*
2025,90775,Benson Digital Learning Center Online,ELA,18,*
2025,90775,Benson Digital Learning Center Online,Math,18,*
2025,4754,Bisbee High School,ELA,81,16
2025,4754,Bisbee High School,Math,84,*
2025,4759,Bowie High School,ELA,*,*
2025,4759,Bowie High School,Math,*,*
2025,4801,Center for Academic Success #1 - Sierra Vista 9-12,ELA,36,39
2025,4801,Center for Academic Success #1 - Sierra Vista 9-12,Math,36,*
2025,4802,Center for Academic Success #2 - Douglas 9-12,ELA,37,*
2025,4802,Center for Academic Success #2 - Douglas 9-12,Math,38,*
2025,81028,Berean Academy,ELA,24,*
2025,81028,Berean Academy,Math,25,*
2025,1001688,New Crossroads Academy,ELA,*,*
2025,1001688,New Crossroads Academy,Math,*,*
2025,4773,Douglas High School,ELA,294,32
2025,4773,Douglas High School,Math,303,17
2025,79505,Omega Alpha Academy School,ELA,*,*
2025,79505,Omega Alpha Academy School,Math,*,*
2025,4760,San Simon School,ELA,*,*
2025,4760,San Simon School,Math,*,*
2025,4783,Buena High School,ELA,431,45
2025,4783,Buena High School,Math,440,27
2025,4762,St David High School,ELA,33,42
2025,4762,St David High School,Math,34,*
2025,4751,Tombstone High School,ELA,99,46
2025,4751,Tombstone High School,Math,102,34
2025,4800,Valley Union High School,ELA,20,*
2025,4800,Valley Union High School,Math,20,*
2025,4757,Willcox High School,ELA,93,26
2025,4757,Willcox High School,Math,97,12
2025,90863,BASIS Flagstaff,ELA,27,96
2025,90863,BASIS Flagstaff,Math,27,*
2025,81127,Tse'yaato' High School,ELA,*,*
2025,81127,Tse'yaato' High School,Math,*,*
2025,85842,Ponderosa High School,ELA,18,*
2025,85842,Ponderosa High School,Math,20,*
2025,1001242,CCASD Online Instruction,ELA,*,*
2025,1001242,CCASD Online Instruction,Math,*,*
2025,4842,Flagstaff Arts And Leadership Academy,ELA,24,79
2025,4842,Flagstaff Arts And Leadership Academy,Math,24,*
2025,4803,Summit High School,ELA,25,*
2025,4803,Summit High School,Math,26,*
2025,4819,Flagstaff High School,ELA,313,49
2025,4819,Flagstaff High School,Math,317,30
2025,4820,Coconino High School,ELA,348,39
2025,4820,Coconino High School,Math,353,18
2025,230656,Northern Arizona Distance Learning,ELA,15,*
2025,230656,Northern Arizona Distance Learning,Math,16,*
2025,4828,Fredonia High School,ELA,*,*
2025,4828,Fredonia High School,Math,*,*
2025,4825,Grand Canyon High School,ELA,19,*
2025,4825,Grand Canyon High School,Math,19,*
2025,4845,Northland Preparatory Academy,ELA,75,84
2025,4845,Northland Preparatory Academy,Math,75,68
2025,4832,Page High School,ELA,154,28
2025,4832,Page High School,Math,162,15
2025,92913,Manson Mesa High School,ELA,*,*
2025,92913,Manson Mesa High School,Math,12,*
2025,1001183,Sage & Sand Academy,ELA,*,*
2025,1001183,Sage & Sand Academy,Math,*,*
2025,4838,Tuba City High School,ELA,167,15
2025,4838,Tuba City High School,Math,168,17
2025,78916,Nizhoni Accelerated Academy,ELA,*,*
2025,78916,Nizhoni Accelerated Academy,Math,*,*
2025,4823,Williams High School,ELA,58,24
2025,4823,Williams High School,Math,58,*
2025,4855,Globe High School,ELA,108,21
2025,4855,Globe High School,Math,110,*
2025,1001828,Tiger Knowledge Online (TKO),ELA,*,*
2025,1001828,Tiger Knowledge Online (TKO),Math,*,*
2025,4873,Hayden High School,ELA,20,*
2025,4873,Hayden High School,Math,20,*
2025,4878,Liberty High School,ELA,*,*
2025,4878,Liberty High School,Math,*,*
2025,4869,Miami Junior Senior High School,ELA,54,*
2025,4869,Miami Junior Senior High School,Math,59,*
2025,4860,Payson High School,ELA,184,40
2025,4860,Payson High School,Math,187,26
2025,4863,San Carlos High School,ELA,103,*
2025,4863,San Carlos High School,Math,109,*
2025,89776,San Carlos Alternative High School,ELA,*,*
2025,89776,San Carlos Alternative High School,Math,*,*
2025,4875,Young High School,ELA,*,*
2025,4875,Young High School,Math,*,*
2025,4893,Fort Thomas High School,ELA,48,*
2025,4893,Fort Thomas High School,Math,51,*
2025,90064,Mt. Turnbull Academy,ELA,*,*
2025,90064,Mt. Turnbull Academy,Math,12,*
2025,4891,Pima High School,ELA,75,47
2025,4891,Pima High School,Math,76,30
2025,92296,Gila Valley Learning Center,ELA,*,*
2025,92296,Gila Valley Learning Center,Math,*,*
2025,4884,Safford High School,ELA,185,29
2025,4884,Safford High School,Math,186,22
2025,4885,Mt Graham High School,ELA,25,*
2025,4885,Mt Graham High School,Math,26,*
2025,4889,Thatcher High School,ELA,124,48
2025,4889,Thatcher High School,Math,125,40
2025,1001768,Eagle Online Academy,ELA,12,*
2025,1001768,Eagle Online Academy,Math,13,*
2025,4908,Blue Elementary School,ELA,*,*
2025,4908,Blue Elementary School,Math,*,*
2025,4903,Duncan High School,ELA,27,*
2025,4903,Duncan High School,Math,28,*
2025,4906,Morenci High School,ELA,86,37
2025,4906,Morenci High School,Math,86,25
2025,6203,Salome High School,ELA,26,*
2025,6203,Salome High School,Math,27,*
2025,6197,Parker High School,ELA,127,21
2025,6197,Parker High School,Math,131,12
2025,80408,Parker Alternative School,ELA,*,*
2025,80408,Parker Alternative School,Math,11,*
2025,79123,Career and College Prep,ELA,16,*
2025,79123,Career and College Prep,Math,16,*
2025,742847,RCB College Preparatory Academy,ELA,*,*
2025,742847,RCB College Preparatory Academy,Math,*,*
2025,91304,ASU Preparatory Academy- Phoenix High School,ELA,90,27
2025,91304,ASU Preparatory Academy- Phoenix High School,Math,92,22
2025,91306,ASU Preparatory Academy-Polytechnic High School,ELA,89,70
2025,91306,ASU Preparatory Academy-Polytechnic High School,Math,89,57
2025,92248,ASU Preparatory Academy - South Phoenix High School,ELA,39,*
2025,92248,ASU Preparatory Academy - South Phoenix High School,Math,41,*
2025,860177,ASU Preparatory Academy Digital,ELA,468,67
2025,860177,ASU Preparatory Academy Digital,Math,470,43
2025,89870,AZ Compass Prep School,ELA,48,*
2025,89870,AZ Compass Prep School,Math,50,*
2025,10795,Academy with Community Partners,ELA,40,*
2025,10795,Academy with Community Partners,Math,45,*
2025,5462,Accelerated Learning Center,ELA,32,*
2025,5462,Accelerated Learning Center,Math,39,*
2025,5454,Agua Fria High School,ELA,331,24
2025,5454,Agua Fria High School,Math,344,18
2025,78926,Millennium High School,ELA,525,52
2025,78926,Millennium High School,Math,533,37
2025,79799,Desert Edge High School,ELA,525,35
2025,79799,Desert Edge High School,Math,541,16
2025,87903,Verrado High School,ELA,466,42
2025,87903,Verrado High School,Math,476,28
2025,932049,Canyon View High School,ELA,517,45
2025,932049,Canyon View High School,Math,525,29
2025,78813,Crestview College Preparatory High School,ELA,50,*
2025,78813,Crestview College Preparatory High School,Math,53,*
2025,78901,Desert Hills High School,ELA,50,*
2025,78901,Desert Hills High School,Math,51,*
2025,78900,Estrella High School,ELA,42,*
2025,78900,Estrella High School,Math,46,*
2025,78817,Peoria Accelerated High School,ELA,117,*
2025,78817,Peoria Accelerated High School,Math,128,*
2025,80990,South Pointe High School,ELA,139,9
2025,80990,South Pointe High School,Math,148,10
2025,88335,South Ridge High School,ELA,87,28
2025,88335,South Ridge High School,Math,90,*
2025,6347,Sun Valley High School,ELA,77,*
2025,6347,Sun Valley High School,Math,89,*
2025,6348,West Phoenix High School,ELA,96,17
2025,6348,West Phoenix High School,Math,97,*
2025,1001427,Ridgeview College Preparatory High School,ELA,61,43
2025,1001427,Ridgeview College Preparatory High School,Math,61,20
2025,90769,"American Leadership Academy, Queen Creek K-12",ELA,260,68
2025,90769,"American Leadership Academy, Queen Creek K-12",Math,266,42
2025,92348,"American Leadership Academy, Anthem K-6",ELA,61,52
2025,92348,"American Leadership Academy, Anthem K-6",Math,61,31
2025,92885,"American Leadership Academy, Ironwood K12",ELA,203,56
2025,92885,"American Leadership Academy, Ironwood K12",Math,205,43
2025,509281,"American Leadership Academy, Gilbert North K-12",ELA,279,63
2025,509281,"American Leadership Academy, Gilbert North K-12",Math,283,53
2025,1001506,AMERICAN LEADERSHIP ACADEMY VIRTUAL ,ELA,352,52
2025,1001506,AMERICAN LEADERSHIP ACADEMY VIRTUAL ,Math,361,33
2025,1001509,"American Leadership Academy, West Foothills K-12",ELA,174,62
2025,1001509,"American Leadership Academy, West Foothills K-12",Math,178,50
2025,1001761,American Leadership Academy of Applied Technologies,ELA,170,51
2025,1001761,American Leadership Academy of Applied Technologies,Math,178,33
2025,1002489,"American Leadership Academy, Mesa North K-12",ELA,18,67
2025,1002489,"American Leadership Academy, Mesa North K-12",Math,19,*
2025,1002490,American Leadership Academy - Sierra Vista K-12,ELA,*,*
2025,1002490,American Leadership Academy - Sierra Vista K-12,Math,*,*
2025,81178,Primavera - Online,ELA,1209,24
2025,81178,Primavera - Online,Math,1244,13
2025,90635,Great Hearts Academies - Anthem Prep,ELA,44,96
2025,90635,Great Hearts Academies - Anthem Prep,Math,44,84
2025,89487,Great Hearts Academies - Arete Prep,ELA,55,75
2025,89487,Great Hearts Academies - Arete Prep,Math,55,75
2025,156568,"Arizona Agribusiness & Equine Center, Inc. - Mesa",ELA,24,46
2025,156568,"Arizona Agribusiness & Equine Center, Inc. - Mesa",Math,24,*
2025,1001738,AAEC Online,ELA,21,62
2025,1001738,AAEC Online,Math,21,*
2025,6344,AAEC - Paradise Valley,ELA,55,85
2025,6344,AAEC - Paradise Valley,Math,56,61
2025,5503,AAEC - SMCC Campus,ELA,95,63
2025,5503,AAEC - SMCC Campus,Math,95,23
2025,90780,Arizona Agribusiness & Equine Center - Estrella,ELA,85,84
2025,90780,Arizona Agribusiness & Equine Center - Estrella,Math,85,65
2025,92984,"Arizona Autism Charter School, Upper School Campus",ELA,26,*
2025,92984,"Arizona Autism Charter School, Upper School Campus",Math,31,*
2025,1001693,Arizona Autism Charter - Online High School,ELA,11,*
2025,1001693,Arizona Autism Charter - Online High School,Math,13,*
2025,1002081,Arizona Autism Charter School -Tucson Upper School Campus,ELA,*,*
2025,1002081,Arizona Autism Charter School -Tucson Upper School Campus,Math,*,*
2025,5520,City View High School ,ELA,*,*
2025,5520,City View High School ,Math,*,*
2025,81179,Arizona Connections Academy,ELA,215,40
2025,81179,Arizona Connections Academy,Math,217,15
2025,91184, Virtual School of Arizona,ELA,83,*
2025,91184, Virtual School of Arizona,Math,85,*
2025,91246,State Online School,ELA,164,18
2025,91246,State Online School,Math,169,*
2025,5519,Arizona School For The Arts,ELA,68,87
2025,5519,Arizona School For The Arts,Math,68,64
2025,80006,Precision Academy,ELA,17,*
2025,80006,Precision Academy,Math,22,*
2025,81079,BASIS Scottsdale,ELA,54,*
2025,81079,BASIS Scottsdale,Math,54,*
2025,90509,BASIS Oro Valley,ELA,57,*
2025,90509,BASIS Oro Valley,Math,57,*
2025,91055,BASIS Peoria,ELA,61,*
2025,91055,BASIS Peoria,Math,61,98
2025,91056,BASIS Chandler,ELA,63,*
2025,91056,BASIS Chandler,Math,64,*
2025,91343,BASIS Phoenix,ELA,71,97
2025,91343,BASIS Phoenix,Math,71,*
2025,92030,BASIS Ahwatukee,ELA,38,*
2025,92030,BASIS Ahwatukee,Math,38,*
2025,91997,BASIS Mesa,ELA,33,94
2025,91997,BASIS Mesa,Math,33,97
2025,92735,BASIS Goodyear,ELA,*,*
2025,92735,BASIS Goodyear,Math,*,*
2025,92270,Benjamin Franklin High School,ELA,187,76
2025,92270,Benjamin Franklin High School,Math,188,68
2025,81042,Hope High School,ELA,34,*
2025,81042,Hope High School,Math,34,*
2025,81182,Hope High School Online,ELA,134,20
2025,81182,Hope High School Online,Math,141,11
2025,5424,Buckeye Union High School,ELA,392,32
2025,5424,Buckeye Union High School,Math,402,26
2025,79376,Estrella Foothills High School,ELA,395,47
2025,79376,Estrella Foothills High School,Math,401,32
2025,89573,Youngker High School,ELA,545,35
2025,89573,Youngker High School,Math,571,24
2025,91826,BUHSD Institute of Online Learning,ELA,113,41
2025,91826,BUHSD Institute of Online Learning,Math,116,24
2025,88289,Learning Foundation and Performing Arts Gilbert,ELA,36,33
2025,88289,Learning Foundation and Performing Arts Gilbert,Math,36,*
2025,5466,Girls Leadership Academy of Arizona,ELA,*,*
2025,5466,Girls Leadership Academy of Arizona,Math,*,*
2025,79129,Tech Campus,ELA,15,*
2025,79129,Tech Campus,Math,17,*
2025,80025,Career Success Schools - STEM Academy 7-12,ELA,24,*
2025,80025,Career Success Schools - STEM Academy 7-12,Math,31,*
2025,80430,Robert L. Duffy High School,ELA,*,*
2025,80430,Robert L. Duffy High School,Math,*,*
2025,5137,Cactus Shadows High School,ELA,342,68
2025,5137,Cactus Shadows High School,Math,346,58
2025,1001171,Cave Creek Academy of Excellence,ELA,27,*
2025,1001171,Cave Creek Academy of Excellence,Math,27,41
2025,88300,Great Hearts Academies - Chandler Prep,ELA,68,81
2025,88300,Great Hearts Academies - Chandler Prep,Math,68,84
2025,5127,Chandler High School,ELA,762,45
2025,5127,Chandler High School,Math,775,32
2025,6015,Hamilton High School,ELA,829,70
2025,6015,Hamilton High School,Math,836,58
2025,79633,Basha High School,ELA,566,66
2025,79633,Basha High School,Math,572,63
2025,89591,Arizona College Prep High School,ELA,656,86
2025,89591,Arizona College Prep High School,Math,663,85
2025,89613,Perry High School,ELA,544,65
2025,89613,Perry High School,Math,549,61
2025,90027,Ken 'Chief' Hill Learning Academy,ELA,50,*
2025,90027,Ken 'Chief' Hill Learning Academy,Math,57,*
2025,91282,Chandler Online Academy,ELA,246,62
2025,91282,Chandler Online Academy,Math,250,49
2025,92892,Dr. Camille Casteel High School,ELA,507,71
2025,92892,Dr. Camille Casteel High School,Math,510,60
2025,1002496,Hill Academy @ ICAN,ELA,*,*
2025,1002496,Hill Academy @ ICAN,Math,*,*
2025,1002497,Chandler Learning Center,ELA,*,*
2025,1002497,Chandler Learning Center,Math,*,*
2025,1002502,Chandler Early College High School,ELA,35,46
2025,1002502,Chandler Early College High School,Math,36,*
2025,92636,Jefferson Preparatory High School,ELA,17,76
2025,92636,Jefferson Preparatory High School,Math,17,70
2025,10801,Westland School,ELA,14,*
2025,10801,Westland School,Math,14,*
2025,92637,Westland School Brighton Campus,ELA,12,*
2025,92637,Westland School Brighton Campus,Math,13,*
2025,92317,Great Hearts Academies - Cicero Prep,ELA,40,82
2025,92317,Great Hearts Academies - Cicero Prep,Math,40,60
2025,79099,Cornerstone Charter School,ELA,36,*
2025,79099,Cornerstone Charter School,Math,36,*
2025,79102,Country Gardens Charter School,ELA,*,*
2025,79102,Country Gardens Charter School,Math,*,*
2025,89918,Paragon Science Academy,ELA,30,84
2025,89918,Paragon Science Academy,Math,30,73
2025,79506,Deer Valley Academy,ELA,*,*
2025,79506,Deer Valley Academy,Math,*,*
2025,5161,Deer Valley High School,ELA,367,39
2025,5161,Deer Valley High School,Math,373,38
2025,5162,Barry Goldwater High School,ELA,355,41
2025,5162,Barry Goldwater High School,Math,367,25
2025,5163,Mountain Ridge High School,ELA,638,75
2025,5163,Mountain Ridge High School,Math,645,65
2025,79414,"Aspire, Deer Valley's Online Academy",ELA,260,70
2025,79414,"Aspire, Deer Valley's Online Academy",Math,264,52
2025,80317,Sandra Day O'Connor High School,ELA,599,76
2025,80317,Sandra Day O'Connor High School,Math,603,60
2025,85850,Boulder Creek High School,ELA,552,69
2025,85850,Boulder Creek High School,Math,561,53
2025,92525,Vista Peak,Math,*,*
2025,78950,Desert Heights Charter School,ELA,55,66
2025,78950,Desert Heights Charter School,Math,55,51
2025,5133,Dysart High School,ELA,323,39
2025,5133,Dysart High School,Math,330,27
2025,81113,Willow Canyon High School,ELA,416,47
2025,81113,Willow Canyon High School,Math,419,35
2025,88417,Valley Vista High School,ELA,544,44
2025,88417,Valley Vista High School,Math,556,37
2025,90134,Shadow Ridge High School,ELA,531,54
2025,90134,Shadow Ridge High School,Math,539,44
2025,85750,AMCS at Anthem dba Caurus Academy,ELA,*,*
2025,85750,AMCS at Anthem dba Caurus Academy,Math,*,*
2025,5500,Sequoia Choice School Arizona Distance Learning School,ELA,165,34
2025,5500,Sequoia Choice School Arizona Distance Learning School,Math,176,19
2025,90322,Sequoia Pathfinder Academy at Verrado Way and I-10,ELA,37,*
2025,90322,Sequoia Pathfinder Academy at Verrado Way and I-10,Math,37,*
2025,90377,Sequoia Pathway Academy,ELA,36,42
2025,90377,Sequoia Pathway Academy,Math,36,*
2025,10848,Sequoia Village School,ELA,11,*
2025,10848,Sequoia Village School,Math,13,*
2025,90349,Arizona Conservatory for Arts and Academics,ELA,33,76
2025,90349,Arizona Conservatory for Arts and Academics,Math,33,48
2025,79697,Sequoia Charter School,ELA,58,*
2025,79697,Sequoia Charter School,Math,65,*
2025,90202,EdOptions Preparatory Academy,ELA,*,*
2025,90202,EdOptions Preparatory Academy,Math,16,*
2025,90844,EdOptions HS Learning Center,ELA,114,11
2025,90844,EdOptions HS Learning Center,Math,127,11
2025,92975,Empower College Prep High School,ELA,71,21
2025,92975,Empower College Prep High School,Math,80,21
2025,5507,NFL YET College Prep Academy,ELA,48,*
2025,5507,NFL YET College Prep Academy,Math,52,25
2025,181823,Maricopa Institute of Technology,ELA,92,60
2025,181823,Maricopa Institute of Technology,Math,93,39
2025,1002231,MIT STEM2 Online High School,ELA,*,*
2025,1002231,MIT STEM2 Online High School,Math,*,*
2025,5167,Fountain Hills High School,ELA,80,47
2025,5167,Fountain Hills High School,Math,81,54
2025,90932,Fountain Hills Virtual Academy,ELA,11,*
2025,90932,Fountain Hills Virtual Academy,Math,12,*
2025,1000980,Freedom Prep Academy - Mesa,ELA,47,*
2025,1000980,Freedom Prep Academy - Mesa,Math,49,*
2025,79022,Student Choice High School,ELA,235,*
2025,79022,Student Choice High School,Math,244,*
2025,90737,Student Choice High School,ELA,36,*
2025,90737,Student Choice High School,Math,36,*
2025,1002106,Student Choice High School - Maricopa,ELA,18,*
2025,1002106,Student Choice High School - Maricopa,Math,18,*
2025,1002107,Student Choice High School - Yuma,ELA,88,*
2025,1002107,Student Choice High School - Yuma,Math,92,*
2025,5504,Genesis Academy,ELA,*,*
2025,5504,Genesis Academy,Math,*,*
2025,5019,Gila Bend High School,ELA,29,*
2025,5019,Gila Bend High School,Math,31,*
2025,5039,Gilbert High School,ELA,505,51
2025,5039,Gilbert High School,Math,524,45
2025,5040,Highland High School,ELA,*,59
2025,5040,Highland High School,Math,*,53
2025,5041,Canyon Valley High School,ELA,79,*
2025,5041,Canyon Valley High School,Math,83,*
2025,6007,Mesquite High School,ELA,*,40
2025,6007,Mesquite High School,Math,*,36
2025,79823,Desert Ridge High,ELA,473,45
2025,79823,Desert Ridge High,Math,483,36
2025,89606,Gilbert Classical Academy 7-12,ELA,84,*
2025,89606,Gilbert Classical Academy 7-12,Math,84,95
2025,90124,Campo Verde High School,ELA,*,63
2025,90124,Campo Verde High School,Math,*,58
2025,89830,Great Hearts Academies - Glendale Prep,ELA,65,89
2025,89830,Great Hearts Academies - Glendale Prep,Math,65,82
2025,5426,Glendale High School,ELA,349,33
2025,5426,Glendale High School,Math,352,24
2025,5427,Sunnyslope High School,ELA,557,60
2025,5427,Sunnyslope High School,Math,563,51
2025,5428,Washington High School,ELA,362,39
2025,5428,Washington High School,Math,363,36
2025,5429,Cortez High School,ELA,253,35
2025,5429,Cortez High School,Math,258,25
2025,5430,Moon Valley High School,ELA,322,44
2025,5430,Moon Valley High School,Math,326,32
2025,5431,Apollo High School,ELA,533,41
2025,5431,Apollo High School,Math,537,29
2025,5432,Thunderbird High School,ELA,336,54
2025,5432,Thunderbird High School,Math,336,42
2025,5433,Greenway High School,ELA,334,54
2025,5433,Greenway High School,Math,336,44
2025,5434,Independence High School,ELA,439,48
2025,5434,Independence High School,Math,440,33
2025,5435,Glendale Union High School District Online Learning Academy,ELA,113,*
2025,5435,Glendale Union High School District Online Learning Academy,Math,113,*
2025,794564,Glendale Union Online,ELA,83,15
2025,794564,Glendale Union Online,Math,84,*
2025,1001348,Northern Academy,ELA,*,*
2025,1001348,Northern Academy,Math,*,*
2025,92522,Heritage Academy Gateway,ELA,114,70
2025,92522,Heritage Academy Gateway,Math,114,66
2025,92521,Heritage Academy Laveen,ELA,101,64
2025,92521,Heritage Academy Laveen,Math,101,43
2025,1002105,Heritage Academy Pointe,ELA,19,*
2025,1002105,Heritage Academy Pointe,Math,20,*
2025,5509,Heritage Academy,ELA,98,89
2025,5509,Heritage Academy,Math,99,67
2025,703390,Highland Prep,ELA,112,44
2025,703390,Highland Prep,Math,112,43
2025,79374,Higley High School,ELA,479,59
2025,79374,Higley High School,Math,491,57
2025,89581,Williams Field High School,ELA,525,62
2025,89581,Williams Field High School,Math,529,52
2025,1001176,Higley Virtual Academy,ELA,71,50
2025,1001176,Higley Virtual Academy,Math,72,44
2025,78809,Horizon Honors Secondary School,ELA,90,77
2025,78809,Horizon Honors Secondary School,Math,90,67
2025,79042,International Commerce High School - Tempe,ELA,92,*
2025,79042,International Commerce High School - Tempe,Math,96,*
2025,81181,Humanities and Sciences Academy Arizona,ELA,*,*
2025,81181,Humanities and Sciences Academy Arizona,Math,*,*
2025,1001879,International Commerce High School MCG,ELA,*,*
2025,1001879,International Commerce High School MCG,Math,*,*
2025,90035,Imagine Prep Coolidge,ELA,43,*
2025,90035,Imagine Prep Coolidge,Math,43,*
2025,89789,Imagine Prep Superstition,ELA,47,47
2025,89789,Imagine Prep Superstition,Math,47,32
2025,89791,Imagine Prep Surprise,ELA,54,36
2025,89791,Imagine Prep Surprise,Math,54,22
2025,10746,Intelli-School - Paradise Valley,ELA,19,*
2025,10746,Intelli-School - Paradise Valley,Math,20,*
2025,1001763,IntelliSchool Online,ELA,*,*
2025,1001763,IntelliSchool Online,Math,*,*
2025,88232,International Commerce High School - Phoenix,ELA,52,*
2025,88232,International Commerce High School - Phoenix,Math,53,*
2025,79113,James Madison Preparatory School,ELA,19,79
2025,79113,James Madison Preparatory School,Math,20,55
2025,79476,Crown Point High School,ELA,12,*
2025,79476,Crown Point High School,Math,12,*
2025,78899,Kaizen Education Foundation dba El Dorado High School,ELA,55,*
2025,78899,Kaizen Education Foundation dba El Dorado High School,Math,61,*
2025,92246,Glenview College Preparatory High School,ELA,109,47
2025,92246,Glenview College Preparatory High School,Math,109,34
2025,10748,Kaizen Education Foundation dba Maya High School,ELA,71,*
2025,10748,Kaizen Education Foundation dba Maya High School,Math,79,*
2025,91158,Mission Heights Preparatory High School,ELA,131,51
2025,91158,Mission Heights Preparatory High School,Math,132,29
2025,1001670,Leona Connected High School,ELA,63,*
2025,1001670,Leona Connected High School,Math,68,*
2025,10749,Kaizen Education Foundation dba Summit High School,ELA,44,*
2025,10749,Kaizen Education Foundation dba Summit High School,Math,45,*
2025,6349,Kaizen Education Foundation dba Quest High School,ELA,31,*
2025,6349,Kaizen Education Foundation dba Quest High School,Math,31,*
2025,79111,Valley Preparatory Academy,ELA,*,*
2025,79111,Valley Preparatory Academy,Math,*,*
2025,87416,Leading Edge Academy Gilbert Early College,ELA,54,24
2025,87416,Leading Edge Academy Gilbert Early College,Math,54,22
2025,91597,Leading Edge Academy Online,ELA,*,*
2025,91597,Leading Edge Academy Online,Math,*,*
2025,87350,East Valley High School,ELA,46,*
2025,87350,East Valley High School,Math,48,*
2025,92732,Great Hearts Academies - Lincoln Prep,ELA,26,65
2025,92732,Great Hearts Academies - Lincoln Prep,Math,27,63
2025,81175,Phoenix College Preparatory Academy,ELA,61,54
2025,81175,Phoenix College Preparatory Academy,Math,61,38
2025,92605,Madison Highland Prep,ELA,100,40
2025,92605,Madison Highland Prep,Math,101,47
2025,1001524,Highland Prep West,ELA,138,38
2025,1001524,Highland Prep West,Math,138,38
2025,5480,Gateway Early College High School,ELA,82,39
2025,5480,Gateway Early College High School,Math,82,17
2025,6822,Maricopa County Juvenile Detention Center,ELA,*,*
2025,6822,Maricopa County Juvenile Detention Center,Math,18,*
2025,969999,Hope College and Career Readiness Academy,ELA,14,*
2025,969999,Hope College and Career Readiness Academy,Math,16,*
2025,91781,Great Hearts Academies - Maryvale Prep,ELA,41,*
2025,91781,Great Hearts Academies - Maryvale Prep,Math,41,29
2025,4966,Riverview High School,ELA,*,*
2025,4966,Riverview High School,Math,*,*
2025,4980,Mesa High School,ELA,697,31
2025,4980,Mesa High School,Math,750,21
2025,4981,Westwood High School,ELA,677,26
2025,4981,Westwood High School,Math,736,17
2025,4982,Mountain View High School,ELA,659,53
2025,4982,Mountain View High School,Math,679,43
2025,4983,Dobson High School,ELA,480,31
2025,4983,Dobson High School,Math,505,23
2025,4984,Red Mountain High School,ELA,774,51
2025,4984,Red Mountain High School,Math,826,40
2025,78917,Skyline High School,ELA,429,29
2025,78917,Skyline High School,Math,456,19
2025,78930,Mesa Digital Learning Program,ELA,77,49
2025,78930,Mesa Digital Learning Program,Math,80,28
2025,78932,East Valley Academy,ELA,95,*
2025,78932,East Valley Academy,Math,105,*
2025,78933,Superstition High School,ELA,*,*
2025,78933,Superstition High School,Math,*,*
2025,10847,Metropolitan Arts Institute,ELA,49,31
2025,10847,Metropolitan Arts Institute,Math,49,*
2025,1000059,Nadaburg Online Virtual Academy,ELA,*,*
2025,1000059,Nadaburg Online Virtual Academy,Math,*,*
2025,1001155,Mountainside High School,ELA,80,40
2025,1001155,Mountainside High School,Math,82,22
2025,5482,New School for the Arts,ELA,47,68
2025,5482,New School for the Arts,Math,47,51
2025,91422,Great Hearts Academies - North Phoenix Prep,ELA,57,60
2025,91422,Great Hearts Academies - North Phoenix Prep,Math,57,58
2025,79702,Arizona Preparatory Academy,ELA,92,*
2025,79702,Arizona Preparatory Academy,Math,95,*
2025,5493,Ombudsman - Charter East,ELA,42,*
2025,5493,Ombudsman - Charter East,Math,45,*
2025,10737,Ombudsman - Charter West,ELA,33,*
2025,10737,Ombudsman - Charter West,Math,39,*
2025,78814,Ombudsman - Charter Metro,ELA,42,*
2025,78814,Ombudsman - Charter Metro,Math,49,*
2025,79174,Ombudsman - Charter Northeast,ELA,21,*
2025,79174,Ombudsman - Charter Northeast,Math,23,*
2025,80026,Ombudsman - Charter Northwest,ELA,43,*
2025,80026,Ombudsman - Charter Northwest,Math,53,*
2025,89440,Ombudsman Hiaki Charter,ELA,23,*
2025,89440,Ombudsman Hiaki Charter,Math,28,*
2025,89827,Ombudsman - Charter Valencia,ELA,35,*
2025,89827,Ombudsman - Charter Valencia,Math,40,*
2025,1001731,Ombudsman Online Academy,ELA,59,*
2025,1001731,Ombudsman Online Academy,Math,62,*
2025,5530,Intelli-School - Metro Center,ELA,*,*
2025,5530,Intelli-School - Metro Center,Math,*,*
2025,90208,Intelli-School Glendale,ELA,12,*
2025,90208,Intelli-School Glendale,Math,12,*
2025,1001762,PAS Charter Online,ELA,*,*
2025,1001762,PAS Charter Online,Math,*,*
2025,79579,Pan-American Charter School,ELA,62,24
2025,79579,Pan-American Charter School,Math,62,*
2025,5071,Roadrunner School,ELA,*,*
2025,5071,Roadrunner School,Math,*,*
2025,5105,Paradise Valley High School,ELA,*,52
2025,5105,Paradise Valley High School,Math,*,48
2025,5106,Horizon High School,ELA,396,70
2025,5106,Horizon High School,Math,404,55
2025,5107,North Canyon High School,ELA,326,32
2025,5107,North Canyon High School,Math,341,19
2025,5108,Shadow Mountain High School,ELA,*,61
2025,5108,Shadow Mountain High School,Math,*,46
2025,79268,Pinnacle High School,ELA,545,69
2025,79268,Pinnacle High School,Math,551,70
2025,90782,pvONLINE,ELA,35,43
2025,90782,pvONLINE,Math,35,*
2025,92611,Sweetwater Community School,ELA,92,17
2025,92611,Sweetwater Community School,Math,93,*
2025,89828,Paradise Honors High School,ELA,243,65
2025,89828,Paradise Honors High School,Math,245,43
2025,850102,Pathways in Education,ELA,40,*
2025,850102,Pathways in Education,Math,40,*
2025,1002018,Paul Revere Academy,ELA,15,*
2025,1002018,Paul Revere Academy,Math,17,*
2025,5013,Peoria High School,ELA,*,31
2025,5013,Peoria High School,Math,*,21
2025,5014,Cactus High School,ELA,*,40
2025,5014,Cactus High School,Math,*,30
2025,5015,Ironwood High School,ELA,*,45
2025,5015,Ironwood High School,Math,*,34
2025,5016,Centennial High School,ELA,466,51
2025,5016,Centennial High School,Math,472,42
2025,5017,Sunrise Mountain High School,ELA,476,57
2025,5017,Sunrise Mountain High School,Math,487,53
2025,6231,Peoria Flex Academy,ELA,35,*
2025,6231,Peoria Flex Academy,Math,35,*
2025,81207,Peoria eCampus,ELA,27,55
2025,81207,Peoria eCampus,Math,27,*
2025,85835,Raymond S. Kellis,ELA,*,31
2025,85835,Raymond S. Kellis,Math,*,19
2025,87520,Liberty High School,ELA,617,56
2025,87520,Liberty High School,Math,623,44
2025,10814,"Learning Institute, The",ELA,14,*
2025,10814,"Learning Institute, The",Math,15,*
2025,5436,Alhambra High School,ELA,412,10
2025,5436,Alhambra High School,Math,464,8
2025,5437,Trevor Browne High School,ELA,593,15
2025,5437,Trevor Browne High School,Math,637,12
2025,5438,Camelback High School,ELA,479,23
2025,5438,Camelback High School,Math,504,14
2025,5439,Central High School,ELA,369,17
2025,5439,Central High School,Math,384,13
2025,5440,Carl Hayden High School,ELA,458,14
2025,5440,Carl Hayden High School,Math,491,9
2025,5441,Maryvale High School,ELA,531,15
2025,5441,Maryvale High School,Math,554,11
2025,5442,North High School,ELA,391,13
2025,5442,North High School,Math,422,10
2025,5443,South Mountain High School,ELA,511,16
2025,5443,South Mountain High School,Math,544,7
2025,6248,Metro Tech High School,ELA,458,33
2025,6248,Metro Tech High School,Math,467,28
2025,6249,Bostrom Alternative Center,ELA,77,*
2025,6249,Bostrom Alternative Center,Math,91,*
2025,6250,Desiderata Program,ELA,11,*
2025,6250,Desiderata Program,Math,20,*
2025,78847,Cesar Chavez High School,ELA,532,17
2025,78847,Cesar Chavez High School,Math,558,17
2025,79617,Linda Abril Educational Academy,ELA,51,*
2025,79617,Linda Abril Educational Academy,Math,59,*
2025,88407,Phoenix Union Bioscience High School,ELA,87,86
2025,88407,Phoenix Union Bioscience High School,Math,87,70
2025,89571,Betty Fairfax High School,ELA,486,25
2025,89571,Betty Fairfax High School,Math,505,16
2025,89778,Franklin Police and Fire High School,ELA,91,38
2025,89778,Franklin Police and Fire High School,Math,91,18
2025,128903,Phoenix Union-Wilson College Preparatory,ELA,56,20
2025,128903,Phoenix Union-Wilson College Preparatory,Math,56,*
2025,221992,Phoenix Coding Academy,ELA,56,36
2025,221992,Phoenix Coding Academy,Math,56,20
2025,875776,Phoenix Digital Academy,ELA,23,*
2025,875776,Phoenix Digital Academy,Math,23,*
2025,1001158,PXU City,ELA,28,*
2025,1001158,PXU City,Math,28,*
2025,87335,Pillar Academy of Business & Finance,ELA,*,*
2025,87335,Pillar Academy of Business & Finance,Math,*,*
2025,5463,Pinnacle High School - Tempe,ELA,*,*
2025,5463,Pinnacle High School - Tempe,Math,*,*
2025,81180,Pinnacle Online High School,ELA,30,*
2025,81180,Pinnacle Online High School,Math,34,*
2025,79619,Pinnacle Charter High School-Tempe East,ELA,*,*
2025,79619,Pinnacle Charter High School-Tempe East,Math,*,*
2025,289884,Pinnacle Online - WMCB,ELA,*,*
2025,289884,Pinnacle Online - WMCB,Math,*,*
2025,79570,Premier Charter High School,ELA,36,*
2025,79570,Premier Charter High School,Math,36,*
2025,1002031,Premier Prep Online Academy,ELA,47,27
2025,1002031,Premier Prep Online Academy,Math,47,*
2025,5141,Queen Creek High School,ELA,431,61
2025,5141,Queen Creek High School,Math,435,51
2025,92628,Queen Creek Virtual Academy,ELA,83,25
2025,92628,Queen Creek Virtual Academy,Math,90,13
2025,1000117,Eastmark High School,ELA,259,58
2025,1000117,Eastmark High School,Math,261,51
2025,1001882,Crismon High School,ELA,288,51
2025,1001882,Crismon High School,Math,292,46
2025,5467,"Ridgeline Academy, Inc.",ELA,45,51
2025,5467,"Ridgeline Academy, Inc.",Math,45,45
2025,79952,Intelli-School,ELA,17,*
2025,79952,Intelli-School,Math,17,*
2025,1001760,SC Jensen Online,ELA,*,*
2025,1001760,SC Jensen Online,Math,*,*
2025,85819,Tonopah Valley High School,ELA,195,24
2025,85819,Tonopah Valley High School,Math,200,16
2025,90159,Salt River Accelerated Learning Academy,ELA,21,*
2025,90159,Salt River Accelerated Learning Academy,Math,23,*
2025,89799,San Tan Charter School,ELA,61,51
2025,89799,San Tan Charter School,Math,62,35
2025,89757,Great Hearts Academies - Scottsdale Prep,ELA,68,97
2025,89757,Great Hearts Academies - Scottsdale Prep,Math,70,93
2025,5066,Arcadia High School,ELA,369,57
2025,5066,Arcadia High School,Math,376,49
2025,5067,Coronado High School,ELA,170,24
2025,5067,Coronado High School,Math,172,18
2025,5068,Saguaro High School,ELA,309,65
2025,5068,Saguaro High School,Math,311,56
2025,5069,Chaparral High School,ELA,419,70
2025,5069,Chaparral High School,Math,420,63
2025,5070,Desert Mountain High School,ELA,434,77
2025,5070,Desert Mountain High School,Math,436,66
2025,91286,Scottsdale Online Learning,ELA,*,*
2025,91286,Scottsdale Online Learning,Math,*,*
2025,89941,Skyline D5,ELA,25,*
2025,89941,Skyline D5,Math,26,*
2025,79092,Skyline Prep High School,ELA,45,*
2025,79092,Skyline Prep High School,Math,48,*
2025,92044,Southwest Leadership Academy,ELA,28,*
2025,92044,Southwest Leadership Academy,Math,37,*
2025,5549,Tempe Preparatory Academy,ELA,46,87
2025,5549,Tempe Preparatory Academy,Math,46,72
2025,5444,Tempe High School,ELA,355,28
2025,5444,Tempe High School,Math,359,16
2025,5445,Mcclintock High School,ELA,424,54
2025,5445,Mcclintock High School,Math,430,35
2025,5446,Marcos De Niza High School,ELA,356,33
2025,5446,Marcos De Niza High School,Math,363,23
2025,5447,Corona Del Sol High School,ELA,633,67
2025,5447,Corona Del Sol High School,Math,634,59
2025,5448,Mountain Pointe High School,ELA,318,42
2025,5448,Mountain Pointe High School,Math,321,33
2025,5449,Desert Vista High School,ELA,677,71
2025,5449,Desert Vista High School,Math,680,62
2025,87990,TAPBI,ELA,867,43
2025,87990,TAPBI,Math,876,31
2025,91825,Odyssey Institute for Advanced and International Studies,ELA,197,50
2025,91825,Odyssey Institute for Advanced and International Studies,Math,197,32
2025,1001431,Paideia Liberal Arts Academy,ELA,14,*
2025,1001431,Paideia Liberal Arts Academy,Math,16,*
2025,1000047,Think Through Academy,ELA,*,*
2025,1000047,Think Through Academy,Math,*,*
2025,79117,Thrivepoint High School at Union Hills,ELA,25,*
2025,79117,Thrivepoint High School at Union Hills,Math,26,*
2025,81143,ThrivePoint High School at Surprise,ELA,80,*
2025,81143,ThrivePoint High School at Surprise,Math,89,*
2025,90075,ThrivePoint High School at Metro,ELA,39,*
2025,90075,ThrivePoint High School at Metro,Math,41,*
2025,90389,ThrivePoint High School at Grovers,ELA,14,*
2025,90389,ThrivePoint High School at Grovers,Math,14,*
2025,90768,ThrivePoint High School at Buckeye,ELA,27,*
2025,90768,ThrivePoint High School at Buckeye,Math,29,*
2025,90815,ThrivePoint Online High School,ELA,174,20
2025,90815,ThrivePoint Online High School,Math,183,7
2025,91199,ThrivePoint High School at Avondale,ELA,19,*
2025,91199,ThrivePoint High School at Avondale,Math,24,*
2025,5452,Tolleson Union High School,ELA,587,20
2025,5452,Tolleson Union High School,Math,620,17
2025,5453,Westview High School,ELA,399,23
2025,5453,Westview High School,Math,413,14
2025,80051,La Joya Community High School,ELA,550,24
2025,80051,La Joya Community High School,Math,562,23
2025,85810,Copper Canyon High School,ELA,497,20
2025,85810,Copper Canyon High School,Math,514,17
2025,89908,Sierra Linda High School,ELA,444,25
2025,89908,Sierra Linda High School,Math,460,12
2025,90085,West Point High School,ELA,664,28
2025,90085,West Point High School,Math,682,23
2025,90551,University High School,ELA,69,96
2025,90551,University High School,Math,69,87
2025,91156,Great Hearts Academies - Trivium Prep,ELA,77,74
2025,91156,Great Hearts Academies - Trivium Prep,Math,77,70
2025,79958,Desert Marigold School,ELA,*,*
2025,79958,Desert Marigold School,Math,*,*
2025,1000304,Valor Preparatory Academy,ELA,23,52
2025,1000304,Valor Preparatory Academy,Math,24,*
2025,80994,Great Hearts Academies - Veritas Prep,ELA,74,67
2025,80994,Great Hearts Academies - Veritas Prep,Math,74,73
2025,80385,Midtown High School,ELA,*,*
2025,80385,Midtown High School,Math,*,*
2025,92619,Western School of Science and Technology,ELA,81,18
2025,92619,Western School of Science and Technology,Math,82,*
2025,4987,Wickenburg High School,ELA,94,30
2025,4987,Wickenburg High School,Math,101,29
2025,91264,Wickenburg Virtual Academy,ELA,*,*
2025,91264,Wickenburg Virtual Academy,Math,*,*
2025,85541,Academy of Building Industries,ELA,24,*
2025,85541,Academy of Building Industries,Math,24,*
2025,5567,El Capitan Public School,ELA,22,54
2025,5567,El Capitan Public School,Math,22,50
2025,5592,Mohave High School,ELA,248,22
2025,5592,Mohave High School,Math,270,12
2025,5593,River Valley High School,ELA,157,26
2025,5593,River Valley High School,Math,159,20
2025,90858,CRUHSD Academy,ELA,37,*
2025,90858,CRUHSD Academy,Math,37,*
2025,79373,Kingman Academy of Learning - High School,ELA,80,40
2025,79373,Kingman Academy of Learning - High School,Math,81,21
2025,5595,Kingman High School,ELA,172,20
2025,5595,Kingman High School,Math,186,13
2025,91772,Lee Williams High School,ELA,209,38
2025,91772,Lee Williams High School,Math,213,21
2025,1001750,Kingman Online Learning Academy (KOLA) High School,ELA,56,20
2025,1001750,Kingman Online Learning Academy (KOLA) High School,Math,59,*
2025,5565,Lake Havasu High School,ELA,302,51
2025,5565,Lake Havasu High School,Math,311,37
2025,85839,Havasuonline,ELA,136,18
2025,85839,Havasuonline,Math,141,10
2025,85821,Beaver Dam High School,ELA,20,*
2025,85821,Beaver Dam High School,Math,20,*
2025,79510,Mohave Accelerated Learning Center,ELA,65,46
2025,79510,Mohave Accelerated Learning Center,Math,66,39
2025,79287,Music Mountain Jr./Sr. High School,ELA,*,*
2025,79287,Music Mountain Jr./Sr. High School,Math,*,*
2025,78857,Telesis Preparatory Academy,ELA,15,87
2025,78857,Telesis Preparatory Academy,Math,15,*
2025,5648,Blue Ridge High School,ELA,139,35
2025,5648,Blue Ridge High School,Math,142,28
2025,5652,Northern AZ Academy for Career Dev. - Taylor,ELA,*,*
2025,5652,Northern AZ Academy for Career Dev. - Taylor,Math,*,*
2025,5625,Mogollon High School,ELA,46,43
2025,5625,Mogollon High School,Math,46,30
2025,5610,Holbrook High School,ELA,138,25
2025,5610,Holbrook High School,Math,142,15
2025,5606,Joseph City High School,ELA,20,55
2025,5606,Joseph City High School,Math,21,*
2025,5644,Monument Valley High School,ELA,139,11
2025,5644,Monument Valley High School,Math,145,10
2025,7654,Navajo County Instruction for Success (NCIS),ELA,*,*
2025,7654,Navajo County Instruction for Success (NCIS),Math,*,*
2025,5613,Pinon High School,ELA,84,*
2025,5613,Pinon High School,Math,86,*
2025,5653,Shonto Preparatory Technology High School,ELA,21,*
2025,5653,Shonto Preparatory Technology High School,Math,20,*
2025,5632,Show Low High School,ELA,203,46
2025,5632,Show Low High School,Math,205,32
2025,79646,White Mountain Institute,ELA,22,*
2025,79646,White Mountain Institute,Math,25,*
2025,5618,Snowflake High School,ELA,214,58
2025,5618,Snowflake High School,Math,215,51
2025,5637,Alchesay High School,ELA,201,6
2025,5637,Alchesay High School,Math,217,*
2025,5604,Winslow High School,ELA,168,25
2025,5604,Winslow High School,Math,168,22
2025,78898,Academy of Tucson High School,ELA,38,47
2025,78898,Academy of Tucson High School,Math,38,31
2025,6292,Ajo High School,ELA,34,*
2025,6292,Ajo High School,Math,35,*
2025,80996,Alta Vista High School,ELA,117,21
2025,80996,Alta Vista High School,Math,119,17
2025,5808,Canyon Del Oro High School,ELA,395,68
2025,5808,Canyon Del Oro High School,Math,396,63
2025,6055,Amphitheater High School,ELA,213,16
2025,6055,Amphitheater High School,Math,226,9
2025,79378,Ironwood Ridge High School,ELA,366,59
2025,79378,Ironwood Ridge High School,Math,368,46
2025,91755,Amphi Academy Online,ELA,31,38
2025,91755,Amphi Academy Online,Math,31,*
2025,6395,ASDB - Phoenix Day School for the Deaf,ELA,11,*
2025,6395,ASDB - Phoenix Day School for the Deaf,Math,15,*
2025,78941,ASDB - Tucson Campus,ELA,*,*
2025,78941,ASDB - Tucson Campus,Math,*,*
2025,91766,BASIS Tucson North,ELA,56,*
2025,91766,BASIS Tucson North,Math,56,*
2025,5847,Baboquivari High School,ELA,45,*
2025,5847,Baboquivari High School,Math,50,*
2025,90822,Alternative High School (Indian Oasis High School),ELA,*,*
2025,90822,Alternative High School (Indian Oasis High School),Math,11,*
2025,89872,Sky Islands,ELA,*,*
2025,89872,Sky Islands,Math,*,*
2025,85451,City High School,ELA,45,51
2025,85451,City High School,Math,46,*
2025,87412,Envision High School,ELA,18,*
2025,87412,Envision High School,Math,19,*
2025,80033,Toltecali High School,ELA,28,*
2025,80033,Toltecali High School,Math,31,*
2025,81030,Canyon Rose Academy,ELA,59,*
2025,81030,Canyon Rose Academy,Math,62,*
2025,605648,Canyon Rose Academy-East,ELA,18,*
2025,605648,Canyon Rose Academy-East,Math,19,*
2025,5839,Catalina Foothills High School,ELA,450,75
2025,5839,Catalina Foothills High School,Math,451,55
2025,1001672,Colearn Academy Arizona,ELA,*,*
2025,1001672,Colearn Academy Arizona,Math,*,*
2025,79468,Compass High School,ELA,60,20
2025,79468,Compass High School,Math,70,*
2025,79127,Sonoran Science Academy - Tucson,ELA,60,53
2025,79127,Sonoran Science Academy - Tucson,Math,61,49
2025,80974,Sonoran Science Academy - Phoenix,ELA,24,46
2025,80974,Sonoran Science Academy - Phoenix,Math,25,*
2025,79442,Desert Rose Academy Charter School,ELA,22,*
2025,79442,Desert Rose Academy Charter School,Math,24,*
2025,1001926,Desert Sage High School,ELA,16,69
2025,1001926,Desert Sage High School,Math,16,*
2025,78836,Eastpointe High School,ELA,101,*
2025,78836,Eastpointe High School,Math,108,*
2025,5860,Edge High School - Himmel Park,ELA,13,*
2025,5860,Edge High School - Himmel Park,Math,14,*
2025,80928,EDGE High School - Northwest,ELA,15,*
2025,80928,EDGE High School - Northwest,Math,15,*
2025,5791,Flowing Wells High School,ELA,359,37
2025,5791,Flowing Wells High School,Math,364,31
2025,6054,Sentinel Peak High School,ELA,25,*
2025,6054,Sentinel Peak High School,Math,25,*
2025,91832,Flowing Wells Digital Campus,ELA,*,*
2025,91832,Flowing Wells Digital Campus,Math,*,*
2025,5872,Ha:san Preparatory & Leadership School,ELA,11,*
2025,5872,Ha:san Preparatory & Leadership School,Math,11,*
2025,6350,Skyview High School,ELA,45,*
2025,6350,Skyview High School,Math,47,*
2025,5781,Marana High School,ELA,544,38
2025,5781,Marana High School,Math,562,27
2025,5782,Mountain View High School,ELA,429,41
2025,5782,Mountain View High School,Math,433,32
2025,6279,MCAT High School,ELA,48,*
2025,6279,MCAT High School,Math,55,*
2025,87083,Marana Distance Learning,ELA,*,*
2025,87083,Marana Distance Learning,Math,*,*
2025,10885,Mountain Rose Academy,ELA,29,*
2025,10885,Mountain Rose Academy,Math,31,*
2025,79899,Nosotros Academy,ELA,35,*
2025,79899,Nosotros Academy,Math,37,*
2025,1001732,Online School of Arizona,ELA,*,*
2025,1001732,Online School of Arizona,Math,*,*
2025,1001696,Pima County Schools Superintendent's Diploma Program,ELA,412,11
2025,1001696,Pima County Schools Superintendent's Diploma Program,Math,439,5
2025,90907,Arizona Collegiate High School,ELA,23,*
2025,90907,Arizona Collegiate High School,Math,24,*
2025,79960,"Pima Partnership School, The",ELA,26,*
2025,79960,"Pima Partnership School, The",Math,26,*
2025,90998,Pima Rose Academy,ELA,95,*
2025,90998,Pima Rose Academy,Math,114,*
2025,5873,PPEP TEC - Celestino Fernandez Learning Center,ELA,26,*
2025,5873,PPEP TEC - Celestino Fernandez Learning Center,Math,32,*
2025,5876,PPEP TEC - Alice S. Paul Learning Center,ELA,14,*
2025,5876,PPEP TEC - Alice S. Paul Learning Center,Math,21,*
2025,5877,PPEP TEC - Raul H. Castro Learning Center,ELA,19,*
2025,5877,PPEP TEC - Raul H. Castro Learning Center,Math,23,*
2025,5878,PPEP TEC - Cesar Chavez Learning Center,ELA,29,*
2025,5878,PPEP TEC - Cesar Chavez Learning Center,Math,32,*
2025,5879,PPEP TEC - Jose Yepez Learning Center,ELA,18,*
2025,5879,PPEP TEC - Jose Yepez Learning Center,Math,22,*
2025,5880,PPEP TEC - Colin L. Powell Learning Center,ELA,15,*
2025,5880,PPEP TEC - Colin L. Powell Learning Center,Math,15,*
2025,79705,Arizona Virtual Academy,ELA,315,31
2025,79705,Arizona Virtual Academy,Math,322,14
2025,91830,Arizona Insight Academy,ELA,174,18
2025,91830,Arizona Insight Academy,Math,182,*
2025,5865,Presidio School,ELA,13,*
2025,5865,Presidio School,Math,13,*
2025,5843,Sahuarita High School,ELA,277,40
2025,5843,Sahuarita High School,Math,280,30
2025,90824,Walden Grove High School,ELA,257,43
2025,90824,Walden Grove High School,Math,262,32
2025,1001695,Sahuarita Digital Pathways Academy,ELA,32,*
2025,1001695,Sahuarita Digital Pathways Academy,Math,32,*
2025,79028,Southern Arizona Community Academy,Math,*,*
2025,92518,SACA Online,ELA,*,*
2025,92518,SACA Online,Math,*,*
2025,79091,Southgate Academy,ELA,22,*
2025,79091,Southgate Academy,Math,23,*
2025,5826,Desert View High School,ELA,450,22
2025,5826,Desert View High School,Math,474,11
2025,5827,Sunnyside High School,ELA,463,17
2025,5827,Sunnyside High School,Math,496,11
2025,6288,STAR Academic High School,ELA,65,*
2025,6288,STAR Academic High School,Math,91,*
2025,87466,Tanque Verde High School,ELA,181,79
2025,87466,Tanque Verde High School,Math,182,60
2025,79980,Tucson International Academy,ELA,*,*
2025,79980,Tucson International Academy,Math,*,*
2025,84297,Tucson International Academy Midvale,ELA,12,*
2025,84297,Tucson International Academy Midvale,Math,12,*
2025,90045,TIA West,ELA,11,*
2025,90045,TIA West,Math,11,*
2025,5892,Tucson Preparatory School,ELA,*,*
2025,5892,Tucson Preparatory School,Math,*,*
2025,5756,Catalina High School,ELA,104,14
2025,5756,Catalina High School,Math,116,*
2025,5757,Cholla High School,ELA,317,24
2025,5757,Cholla High School,Math,325,9
2025,5758,Palo Verde High Magnet School,ELA,130,29
2025,5758,Palo Verde High Magnet School,Math,137,13
2025,5759,Pueblo High School,ELA,406,22
2025,5759,Pueblo High School,Math,415,11
2025,5760,Rincon High School,ELA,223,34
2025,5760,Rincon High School,Math,234,16
2025,5761,Sabino High School,ELA,177,47
2025,5761,Sabino High School,Math,179,42
2025,5762,Sahuaro High School,ELA,256,30
2025,5762,Sahuaro High School,Math,263,17
2025,5763,Santa Rita High School,ELA,72,19
2025,5763,Santa Rita High School,Math,76,*
2025,5764,Tucson Magnet High School,ELA,641,36
2025,5764,Tucson Magnet High School,Math,671,21
2025,5766,University High School,ELA,229,98
2025,5766,University High School,Math,231,98
2025,6264,Project More High School,ELA,17,*
2025,6264,Project More High School,Math,18,*
2025,6269,Mary Meredith K-12 School,ELA,*,*
2025,6269,Mary Meredith K-12 School,Math,*,*
2025,6272,Teenage Parent Program - TAPP,ELA,*,*
2025,6272,Teenage Parent Program - TAPP,Math,*,*
2025,85924,Tucson Unified Virtual Academy,ELA,116,*
2025,85924,Tucson Unified Virtual Academy,Math,126,*
2025,1001156,Innovation Tech High School,ELA,65,41
2025,1001156,Innovation Tech High School,Math,65,17
2025,5861,Alternative Computerized Education (ACE) Charter High School,ELA,17,*
2025,5861,Alternative Computerized Education (ACE) Charter High School,Math,18,*
2025,90286,Youth Works Charter High School,ELA,*,*
2025,90286,Youth Works Charter High School,Math,*,*
2025,10855,Vail Academy & High School,ELA,37,62
2025,10855,Vail Academy & High School,Math,37,43
2025,79721,Cienega High School,ELA,491,54
2025,79721,Cienega High School,Math,497,41
2025,84665,Pantano High School,ELA,32,*
2025,84665,Pantano High School,Math,32,*
2025,87875,Empire High School,ELA,213,74
2025,87875,Empire High School,Math,214,63
2025,90845,Vail Innovation Center,ELA,117,53
2025,90845,Vail Innovation Center,Math,118,48
2025,91292,Andrada Polytechnic High School,ELA,198,61
2025,91292,Andrada Polytechnic High School,Math,200,54
2025,1000597,Mica Mountain High,ELA,321,62
2025,1000597,Mica Mountain High,Math,321,53
2025,1000972,A+ Charter Schools,ELA,70,49
2025,1000972,A+ Charter Schools,Math,71,23
2025,635758,ASU Preparatory Academy - Casa Grande HS,ELA,61,58
2025,635758,ASU Preparatory Academy - Casa Grande HS,Math,61,37
2025,6346,Apache Trail High School,ELA,45,*
2025,6346,Apache Trail High School,Math,50,*
2025,5925,Apache Junction High School,ELA,175,33
2025,5925,Apache Junction High School,Math,182,18
2025,5948,Casa Grande Union High School,ELA,412,27
2025,5948,Casa Grande Union High School,Math,425,20
2025,90084,Vista Grande High School,ELA,425,26
2025,90084,Vista Grande High School,Math,442,19
2025,1002022,PACE,ELA,*,*
2025,1002022,PACE,Math,*,*
2025,5916,Coolidge High School,ELA,167,21
2025,5916,Coolidge High School,Math,176,12
2025,92608,Coolidge Alternative Program,ELA,31,*
2025,92608,Coolidge Alternative Program,Math,31,*
2025,1001734,Coolidge Virtual Academy,ELA,17,*
2025,1001734,Coolidge Virtual Academy,Math,17,*
2025,5479,EDUPRIZE SCHOOL Gilbert,ELA,49,36
2025,5479,EDUPRIZE SCHOOL Gilbert,Math,49,32
2025,1001718,EDUPRIZE ONLINE INSTRUCTION,ELA,*,*
2025,1001718,EDUPRIZE ONLINE INSTRUCTION,Math,*,*
2025,5897,Florence High School,ELA,187,32
2025,5897,Florence High School,Math,196,16
2025,89907,San Tan Foothills High School,ELA,182,24
2025,89907,San Tan Foothills High School,Math,193,12
2025,90309,Poston Butte High School,ELA,293,31
2025,90309,Poston Butte High School,Math,298,22
2025,90781,Florence Virtual Academy,ELA,29,*
2025,90781,Florence Virtual Academy,Math,32,*
2025,92280,Mountain Vista Academy,ELA,*,*
2025,92280,Mountain Vista Academy,Math,*,*
2025,1000169,Heritage Academy Maricopa,ELA,128,69
2025,1000169,Heritage Academy Maricopa,Math,128,57
2025,89859,Combs High School,ELA,232,40
2025,89859,Combs High School,Math,237,34
2025,1001141,Combs Online School for Success,ELA,21,*
2025,1001141,Combs Online School for Success,Math,23,*
2025,1001830,Combs Center for Success High School,ELA,*,*
2025,1001830,Combs Center for Success High School,Math,*,*
2025,5904,San Manuel High School,ELA,25,*
2025,5904,San Manuel High School,Math,27,*
2025,5910,Maricopa High School,ELA,387,29
2025,5910,Maricopa High School,Math,408,21
2025,1001089,Maricopa Virtual Academy,ELA,30,*
2025,1001089,Maricopa Virtual Academy,Math,32,*
2025,1001884,Desert Sunrise High School,ELA,280,33
2025,1001884,Desert Sunrise High School,Math,293,18
2025,6067,Villa Oasis Interscholastic Center For Education (voice),ELA,15,*
2025,6067,Villa Oasis Interscholastic Center For Education (voice),Math,16,*
2025,10750,Pinnacle High School - Casa Grande,ELA,12,*
2025,10750,Pinnacle High School - Casa Grande,Math,14,*
2025,5900,Ray JR/SR High School,ELA,25,*
2025,5900,Ray JR/SR High School,Math,25,*
2025,5951,Santa Cruz Valley Union High School,ELA,92,13
2025,5951,Santa Cruz Valley Union High School,Math,97,*
2025,90415,Santa Cruz Center for Success,ELA,*,*
2025,90415,Santa Cruz Center for Success,Math,*,*
2025,5907,Superior Junior/Senior High School,ELA,25,*
2025,5907,Superior Junior/Senior High School,Math,26,*
2025,5961,Pierson High School,ELA,35,*
2025,5961,Pierson High School,Math,37,*
2025,5962,Nogales High School,ELA,421,38
2025,5962,Nogales High School,Math,424,22
2025,91269,NUSD Online,ELA,20,*
2025,91269,NUSD Online,Math,21,*
2025,5971,Patagonia Union High School,ELA,18,*
2025,5971,Patagonia Union High School,Math,21,*
2025,79621,Pinnacle Charter High School,ELA,*,*
2025,79621,Pinnacle Charter High School,Math,11,*
2025,5966,Rio Rico High School,ELA,336,29
2025,5966,Rio Rico High School,Math,357,13
2025,91132,"Arizona Agribusiness & Equine Center, Inc. - Prescott Valley",ELA,71,72
2025,91132,"Arizona Agribusiness & Equine Center, Inc. - Prescott Valley",Math,71,53
2025,6103,Ash Fork High School,ELA,23,65
2025,6103,Ash Fork High School,Math,24,*
2025,92321,BASIS Prescott,ELA,12,*
2025,92321,BASIS Prescott,Math,12,*
2025,6089,Bagdad Middle / Senior High School,ELA,35,*
2025,6089,Bagdad Middle / Senior High School,Math,35,*
2025,1001181,Sultan Virtual Academy,ELA,*,*
2025,1001181,Sultan Virtual Academy,Math,*,*
2025,6100,Camp Verde High School,ELA,97,34
2025,6100,Camp Verde High School,Math,98,28
2025,84659,Camp Verde Accommodation School,ELA,14,*
2025,84659,Camp Verde Accommodation School,Math,15,*
2025,6110,Chino Valley High School,ELA,156,34
2025,6110,Chino Valley High School,Math,158,20
2025,88388,Northpoint Expeditionary Learning Academy,ELA,17,*
2025,88388,Northpoint Expeditionary Learning Academy,Math,19,*
2025,6123,Cottonwood Education Services,ELA,11,*
2025,6123,Cottonwood Education Services,Math,11,*
2025,6366,American Heritage Academy - Cottonwood,ELA,19,*
2025,6366,American Heritage Academy - Cottonwood,Math,19,*
2025,6097,Bradshaw Mountain High School,ELA,327,40
2025,6097,Bradshaw Mountain High School,Math,333,29
2025,78821,Tri-City College Prep,ELA,45,76
2025,78821,Tri-City College Prep,Math,45,78
2025,6106,Mayer High School,ELA,36,*
2025,6106,Mayer High School,Math,37,*
2025,6127,Mingus Union High School,ELA,232,23
2025,6127,Mingus Union High School,Math,239,22
2025,91320,Mingus Online Academy,ELA,13,*
2025,91320,Mingus Online Academy,Math,13,*
2025,79108,PACE Preparatory Academy,ELA,29,*
2025,79108,PACE Preparatory Academy,Math,32,*
2025,8135,Prescott High School,ELA,334,53
2025,8135,Prescott High School,Math,340,38
2025,1001973,Genesis Academy,ELA,16,*
2025,1001973,Genesis Academy,Math,17,*
2025,6085,Sedona Red Rock Junior/Senior High School,ELA,63,43
2025,6085,Sedona Red Rock Junior/Senior High School,Math,70,21
2025,90826,Red Rock Academy,ELA,*,*
2025,90826,Red Rock Academy,Math,*,*
2025,6105,Seligman High School,ELA,13,*
2025,6105,Seligman High School,Math,13,*
2025,79380,Yavapai County High School,ELA,*,*
2025,79380,Yavapai County High School,Math,*,*
2025,91815,Aspire  High School,ELA,*,*
2025,91815,Aspire  High School,Math,*,*
2025,6188,Antelope Union High School,ELA,51,*
2025,6188,Antelope Union High School,Math,52,*
2025,92739,AUHS Online Acadamy,ELA,*,*
2025,92739,AUHS Online Acadamy,Math,*,*
2025,89656,Desert View Online School,ELA,*,*
2025,89656,Desert View Online School,Math,*,*
2025,79513,Harvest Preparatory Academy,ELA,49,28
2025,79513,Harvest Preparatory Academy,Math,51,*
2025,6193,Educational Opportunity Center Charter High School,ELA,20,*
2025,6193,Educational Opportunity Center Charter High School,Math,20,*
2025,6189,Yuma High School,ELA,214,16
2025,6189,Yuma High School,Math,243,5
2025,6190,Kofa High School,ELA,535,25
2025,6190,Kofa High School,Math,583,10
2025,6191,Cibola High School,ELA,543,27
2025,6191,Cibola High School,Math,568,16
2025,6302,Vista High School,ELA,40,*
2025,6302,Vista High School,Math,50,*
2025,80409,San Luis High School,ELA,571,24
2025,80409,San Luis High School,Math,617,17
2025,89576,Gila Ridge High School,ELA,501,34
2025,89576,Gila Ridge High School,Math,531,19
2025,91316,Yuma Online Distance Academy,ELA,*,*
2025,91316,Yuma Online Distance Academy,Math,*,*
